SampleID,ChannelGainUser1,ChannelGainUser2,RISPhaseShift1,RISPhaseShift2,RISPhaseShift3,RISPhaseShift4,RISPhaseShift5,RISPhaseShift6,RISPhaseShift7,RISPhaseShift8,InterferenceLevel,UserQoSReq1,UserQoSReq2,PowerAllocUser1,PowerAllocUser2
1,0.78,0.64,330,15,105,195,45,90,180,270,0.27,3.0,1.0,0.65,0.35
2,0.91,0.76,345,105,45,360,300,135,105,240,0.16,2.5,2.5,0.76,0.24
3,0.62,0.55,45,120,15,240,165,285,60,0,0.22,2.0,2.5,0.78,0.22
4,0.66,0.85,150,360,45,300,210,30,270,360,0.18,2.0,1.5,0.69,0.31
5,0.65,0.57,120,300,105,75,105,345,135,120,0.26,1.0,1.0,0.77,0.23
6,0.96,0.5,285,225,285,270,60,345,225,15,0.1,2.0,1.5,0.72,0.28
7,0.78,0.48,330,120,270,75,150,45,60,75,0.05,3.0,1.0,0.75,0.25
8,0.67,0.69,60,75,15,75,300,180,315,345,0.2,2.0,2.0,0.71,0.29
9,0.97,0.71,90,150,225,75,300,0,105,315,0.14,1.0,1.5,0.53,0.47
10,0.87,0.55,180,90,105,150,330,225,135,255,0.17,3.0,1.5,0.53,0.47
11,0.52,0.65,210,210,60,195,360,255,0,210,0.14,2.0,2.5,0.79,0.21
12,0.86,0.6,0,345,360,45,270,300,45,0,0.15,3.0,2.5,0.67,0.33
13,0.92,0.43,45,60,255,360,225,105,135,315,0.21,1.5,2.5,0.55,0.45
14,0.86,0.58,105,30,195,210,30,240,300,0,0.3,2.0,2.0,0.78,0.22
15,0.87,0.81,120,225,270,210,315,270,165,90,0.28,1.0,1.5,0.67,0.33
16,0.75,0.76,165,120,300,330,345,75,195,315,0.08,3.0,2.0,0.58,0.42
17,0.72,0.54,135,315,75,105,360,345,120,15,0.26,3.0,2.5,0.76,0.24
18,0.68,0.8,165,15,210,240,285,300,270,60,0.07,3.0,1.5,0.76,0.24
19,0.72,0.51,225,30,30,180,15,0,285,120,0.13,1.5,2.0,0.72,0.28
20,0.85,0.82,15,150,15,300,285,285,195,270,0.08,1.5,2.0,0.77,0.23
21,0.57,0.51,120,0,150,315,225,180,360,165,0.17,1.5,1.0,0.78,0.22
22,0.55,0.71,135,60,345,180,300,285,75,180,0.13,2.0,1.5,0.5,0.5
23,0.87,0.89,315,30,345,345,75,285,105,345,0.19,2.0,1.0,0.54,0.46
24,0.55,0.72,210,30,240,240,150,285,225,285,0.22,2.0,1.0,0.56,0.44
25,0.63,0.77,90,90,360,345,60,285,135,165,0.27,3.0,2.5,0.69,0.31
26,0.59,0.69,270,285,330,60,75,0,90,360,0.1,3.0,1.0,0.61,0.39
27,0.98,0.89,75,330,300,45,15,315,0,345,0.08,2.0,1.0,0.51,0.49
28,0.51,0.54,330,165,150,135,285,210,90,300,0.14,2.5,1.5,0.57,0.43
29,0.55,0.44,240,45,75,270,165,60,0,0,0.25,3.0,2.0,0.5,0.5
30,0.54,0.42,300,30,120,225,195,270,150,330,0.16,2.5,1.0,0.59,0.41
31,0.53,0.7,360,135,15,165,195,360,135,285,0.11,1.0,2.0,0.72,0.28
32,0.88,0.85,300,135,150,165,270,165,255,165,0.16,3.0,1.0,0.77,0.23
33,0.6,0.57,150,315,360,255,60,240,255,195,0.13,3.0,1.0,0.55,0.45
34,0.71,0.82,345,285,240,150,105,150,75,150,0.07,1.5,2.5,0.72,0.28
35,0.7,0.58,90,105,360,345,45,45,195,270,0.16,1.5,2.0,0.73,0.27
36,0.64,0.55,330,150,225,270,105,60,15,30,0.25,1.0,1.0,0.55,0.45
37,0.58,0.53,45,45,60,105,60,255,330,30,0.17,3.0,2.0,0.53,0.47
38,0.62,0.75,270,360,345,15,30,210,0,285,0.2,2.5,2.5,0.64,0.36
39,0.89,0.63,30,60,225,105,30,150,210,150,0.3,3.0,2.5,0.64,0.36
40,0.61,0.68,255,330,285,195,120,150,90,165,0.14,1.5,2.0,0.79,0.21
41,0.57,0.8,360,255,345,75,270,180,30,0,0.2,1.0,2.5,0.78,0.22
42,0.67,0.6,255,15,330,0,60,225,60,285,0.08,1.0,1.0,0.52,0.48
43,0.76,0.75,240,15,0,15,15,105,150,180,0.12,1.5,2.5,0.62,0.38
44,0.64,0.44,270,285,120,150,45,180,165,195,0.13,3.0,2.0,0.51,0.49
45,0.65,0.58,150,255,300,360,360,0,105,60,0.3,2.5,2.5,0.58,0.42
46,0.75,0.61,285,300,150,60,0,75,105,150,0.27,2.0,1.5,0.52,0.48
47,0.5,0.82,300,120,315,45,210,165,150,360,0.19,2.0,1.0,0.55,0.45
48,0.51,0.53,210,75,285,15,15,255,240,270,0.06,1.5,2.5,0.63,0.37
49,0.97,0.66,315,60,180,285,225,135,300,30,0.24,2.5,2.5,0.65,0.35
50,0.87,0.52,135,180,150,195,45,135,75,330,0.1,2.0,1.0,0.7,0.3
51,0.89,0.49,135,60,345,330,45,180,45,60,0.21,2.5,1.5,0.66,0.34
52,0.65,0.55,60,150,240,45,210,345,255,105,0.16,3.0,2.5,0.55,0.45
53,0.92,0.41,300,135,180,270,330,270,255,255,0.25,2.5,2.5,0.59,0.41
54,0.75,0.6,255,15,360,60,360,15,315,135,0.24,2.5,1.5,0.56,0.44
55,0.95,0.58,45,315,105,300,315,330,210,165,0.2,2.0,1.5,0.69,0.31
56,0.56,0.47,360,15,45,165,60,330,150,150,0.14,3.0,2.5,0.6,0.4
57,0.61,0.59,105,300,90,60,360,225,315,135,0.19,2.0,1.0,0.74,0.26
58,0.89,0.79,210,120,255,195,135,285,45,15,0.25,2.5,2.0,0.74,0.26
59,0.95,0.74,60,0,45,345,285,225,240,120,0.28,1.0,2.5,0.53,0.47
60,0.53,0.57,75,210,210,285,345,210,210,255,0.13,1.5,1.5,0.75,0.25
61,0.98,0.47,30,150,195,90,360,150,360,255,0.23,3.0,1.0,0.64,0.36
62,0.69,0.76,210,360,165,300,240,120,330,345,0.11,1.0,1.5,0.62,0.38
63,0.98,0.83,300,345,165,180,105,300,180,270,0.08,1.5,1.0,0.61,0.39
64,0.68,0.71,0,240,180,60,285,315,360,360,0.21,3.0,2.5,0.72,0.28
65,0.87,0.74,210,255,345,270,210,315,225,285,0.2,3.0,2.0,0.52,0.48
66,0.92,0.75,120,270,240,255,345,285,60,0,0.17,3.0,2.5,0.55,0.45
67,0.64,0.6,60,120,45,195,345,0,90,60,0.26,3.0,2.5,0.52,0.48
68,0.8,0.62,120,60,120,360,150,345,45,45,0.25,1.0,1.0,0.59,0.41
69,0.77,0.62,30,45,240,345,270,30,255,330,0.24,2.5,2.5,0.67,0.33
70,0.52,0.57,0,105,225,135,225,75,0,360,0.24,1.0,1.0,0.57,0.43
71,0.72,0.45,120,195,60,315,30,360,195,330,0.28,1.0,1.5,0.63,0.37
72,0.57,0.79,195,15,195,195,255,210,90,105,0.17,2.0,1.0,0.66,0.34
73,0.75,0.88,15,270,75,180,30,15,300,15,0.18,2.0,2.5,0.66,0.34
74,0.58,0.43,330,75,195,195,240,315,105,15,0.19,3.0,1.0,0.79,0.21
75,0.74,0.69,15,75,360,240,285,15,15,105,0.19,2.5,1.0,0.63,0.37
76,0.63,0.8,30,105,90,330,240,30,180,345,0.17,3.0,2.5,0.58,0.42
77,0.77,0.64,45,90,360,195,195,300,105,30,0.2,3.0,2.0,0.71,0.29
78,0.83,0.67,60,330,360,0,270,255,150,105,0.17,1.0,1.5,0.55,0.45
79,0.73,0.44,30,135,75,0,150,15,60,75,0.07,3.0,1.5,0.74,0.26
80,0.68,0.56,45,90,60,315,60,180,270,330,0.29,2.5,1.5,0.68,0.32
81,0.77,0.46,150,195,255,345,225,195,60,90,0.23,2.0,2.5,0.67,0.33
82,0.58,0.56,90,285,15,90,240,90,0,0,0.15,2.0,2.5,0.5,0.5
83,0.75,0.65,255,345,345,90,345,75,360,45,0.29,1.0,1.0,0.73,0.27
84,0.77,0.55,240,210,285,75,165,150,60,45,0.16,2.5,1.0,0.62,0.38
85,0.76,0.59,240,360,270,330,315,120,60,0,0.14,1.5,1.5,0.57,0.43
86,0.93,0.49,300,45,315,300,15,180,270,270,0.27,1.0,1.0,0.65,0.35
87,0.61,0.58,360,30,90,195,210,345,0,180,0.11,2.0,1.0,0.69,0.31
88,0.53,0.76,0,165,105,195,285,180,90,60,0.18,2.5,1.5,0.66,0.34
89,0.99,0.86,0,270,330,330,30,150,270,360,0.07,3.0,1.5,0.65,0.35
90,0.89,0.42,165,120,105,120,255,315,150,60,0.23,2.0,2.5,0.64,0.36
91,0.59,0.49,75,45,270,240,180,195,30,180,0.13,3.0,2.0,0.55,0.45
92,0.6,0.43,45,300,60,240,105,315,315,45,0.25,3.0,2.5,0.65,0.35
93,0.96,0.7,135,0,330,270,120,255,300,330,0.28,1.5,1.0,0.78,0.22
94,0.85,0.83,0,270,240,75,120,225,180,195,0.14,3.0,2.5,0.6,0.4
95,0.93,0.82,180,135,210,300,255,210,330,60,0.16,2.0,1.0,0.64,0.36
96,0.75,0.88,105,75,270,270,255,75,0,0,0.06,3.0,1.0,0.74,0.26
97,0.67,0.65,165,345,75,120,315,150,90,300,0.24,2.5,1.0,0.59,0.41
98,0.98,0.86,255,90,285,0,45,45,360,285,0.2,2.5,1.5,0.73,0.27
99,0.64,0.65,105,120,240,240,30,0,210,60,0.2,2.0,1.5,0.55,0.45
100,0.8,0.46,255,0,180,345,210,210,120,165,0.12,1.5,1.5,0.65,0.35
101,0.78,0.77,300,90,225,165,150,345,315,270,0.06,1.5,2.5,0.74,0.26
102,0.68,0.56,120,225,270,90,135,315,240,135,0.17,2.0,1.5,0.72,0.28
103,0.65,0.58,165,150,60,135,270,45,150,120,0.16,1.5,1.5,0.69,0.31
104,1.0,0.52,240,255,360,30,270,225,45,180,0.23,1.5,2.0,0.79,0.21
105,0.88,0.83,60,15,0,285,90,360,255,15,0.21,2.0,2.5,0.59,0.41
106,0.8,0.69,15,225,360,105,240,225,15,75,0.17,1.5,1.0,0.69,0.31
107,0.85,0.52,45,120,0,90,210,90,165,270,0.19,3.0,2.0,0.69,0.31
108,0.89,0.6,105,345,15,195,0,90,30,255,0.29,1.0,2.5,0.52,0.48
109,0.66,0.68,90,210,255,210,15,330,180,105,0.17,2.5,1.0,0.68,0.32
110,0.51,0.82,165,135,165,45,345,45,225,300,0.25,2.5,2.5,0.77,0.23
111,0.51,0.42,15,270,270,120,315,15,150,30,0.14,2.5,2.0,0.55,0.45
112,0.95,0.53,0,0,270,75,150,90,300,240,0.26,2.5,1.5,0.62,0.38
113,0.81,0.65,120,285,150,120,195,210,90,150,0.29,1.5,2.5,0.53,0.47
114,0.86,0.81,90,195,345,255,105,105,180,165,0.14,3.0,2.0,0.57,0.43
115,0.75,0.52,180,75,30,105,0,180,285,210,0.28,1.5,1.0,0.77,0.23
116,0.66,0.58,210,300,120,255,15,150,300,60,0.05,2.0,2.0,0.61,0.39
117,0.7,0.88,75,360,90,60,135,225,120,240,0.12,2.5,1.5,0.52,0.48
118,0.66,0.73,60,120,30,75,150,45,360,45,0.19,3.0,2.5,0.54,0.46
119,0.58,0.68,285,315,0,360,285,315,135,120,0.07,3.0,2.5,0.79,0.21
120,0.75,0.45,210,105,15,240,75,345,135,225,0.17,3.0,2.0,0.79,0.21
121,0.59,0.71,210,210,150,195,270,105,270,180,0.21,3.0,2.0,0.54,0.46
122,0.8,0.83,60,120,225,330,180,75,285,105,0.22,1.5,2.0,0.54,0.46
123,0.96,0.82,315,315,195,195,255,60,120,30,0.2,2.5,2.5,0.68,0.32
124,0.72,0.81,135,135,270,315,30,45,180,0,0.06,1.5,2.0,0.7,0.3
125,0.53,0.77,300,285,15,150,120,315,30,210,0.27,2.0,2.0,0.5,0.5
126,0.54,0.78,270,240,105,195,255,315,30,360,0.14,1.0,2.5,0.75,0.25
127,0.63,0.81,180,90,285,135,240,30,285,30,0.13,2.0,2.5,0.62,0.38
128,0.85,0.54,225,135,105,165,135,135,60,0,0.22,1.0,1.0,0.53,0.47
129,0.95,0.45,240,300,300,195,165,330,195,270,0.06,2.0,2.0,0.69,0.31
130,0.56,0.46,195,0,225,135,195,15,120,135,0.21,1.5,2.5,0.59,0.41
131,0.81,0.67,285,30,210,240,165,75,150,330,0.21,2.5,2.0,0.55,0.45
132,0.61,0.72,360,60,210,315,150,315,45,105,0.2,2.0,1.5,0.76,0.24
133,0.53,0.76,30,135,315,165,135,255,270,270,0.11,1.5,2.0,0.67,0.33
134,0.74,0.48,345,240,180,45,30,30,315,75,0.13,1.5,1.5,0.58,0.42
135,0.62,0.48,300,180,15,45,165,75,105,150,0.21,2.0,2.5,0.76,0.24
136,0.55,0.82,285,90,285,45,180,0,90,135,0.28,2.5,1.5,0.66,0.34
137,0.85,0.85,360,15,165,360,105,240,0,300,0.15,1.5,1.0,0.72,0.28
138,0.88,0.84,240,30,345,120,345,45,345,225,0.3,1.0,1.0,0.6,0.4
139,0.77,0.63,120,105,75,135,345,285,105,15,0.16,3.0,2.0,0.66,0.34
140,0.89,0.47,60,0,195,0,165,105,30,120,0.11,1.0,1.0,0.65,0.35
141,0.83,0.57,330,60,240,120,30,255,195,300,0.12,2.5,2.0,0.77,0.23
142,0.89,0.47,210,210,225,300,345,360,270,105,0.29,1.5,2.5,0.62,0.38
143,0.5,0.64,315,60,345,165,315,135,195,165,0.25,2.0,2.0,0.71,0.29
144,0.79,0.86,30,330,60,90,105,60,360,15,0.07,1.5,1.5,0.51,0.49
145,0.92,0.79,345,360,270,75,240,90,300,195,0.18,2.5,2.0,0.67,0.33
146,0.92,0.55,60,270,120,330,180,105,180,285,0.17,1.5,2.0,0.55,0.45
147,0.74,0.51,120,105,90,240,165,180,120,210,0.11,1.5,1.0,0.68,0.32
148,0.98,0.52,75,345,120,150,345,270,30,105,0.11,3.0,2.0,0.54,0.46
149,1.0,0.82,225,15,90,45,135,60,135,150,0.18,1.5,1.5,0.58,0.42
150,0.61,0.83,195,210,345,225,195,0,75,30,0.21,1.5,2.5,0.77,0.23
151,0.67,0.43,255,0,210,150,360,225,210,315,0.19,3.0,1.0,0.75,0.25
152,0.7,0.62,195,90,150,225,165,360,15,60,0.29,3.0,2.5,0.51,0.49
153,0.85,0.69,165,270,210,360,285,120,255,0,0.23,3.0,2.0,0.79,0.21
154,0.92,0.81,90,360,150,255,300,45,285,210,0.21,1.5,1.5,0.66,0.34
155,0.85,0.66,15,210,45,165,105,180,165,60,0.24,1.0,2.5,0.56,0.44
156,0.94,0.73,255,255,210,300,360,270,360,210,0.17,2.5,1.0,0.62,0.38
157,0.54,0.89,135,345,105,300,255,15,360,90,0.29,2.5,1.0,0.63,0.37
158,0.54,0.83,75,300,225,165,45,15,360,45,0.26,3.0,2.0,0.62,0.38
159,0.79,0.61,15,240,150,315,210,75,105,210,0.06,1.5,2.5,0.74,0.26
160,0.63,0.6,300,180,255,330,210,255,285,285,0.29,1.0,2.5,0.69,0.31
161,0.97,0.52,30,60,285,195,135,105,75,360,0.12,1.5,2.5,0.75,0.25
162,0.6,0.57,180,90,225,360,15,105,345,180,0.18,3.0,2.5,0.75,0.25
163,0.65,0.68,165,30,0,240,285,270,90,60,0.2,2.5,2.5,0.67,0.33
164,0.89,0.86,120,60,180,60,315,345,240,240,0.08,2.5,2.0,0.76,0.24
165,0.54,0.81,330,225,165,0,240,345,45,360,0.25,2.5,2.0,0.65,0.35
166,0.78,0.46,210,45,330,15,135,90,45,210,0.19,2.5,2.5,0.73,0.27
167,0.89,0.66,330,255,165,105,45,30,75,105,0.28,2.0,2.5,0.68,0.32
168,0.64,0.51,225,120,30,285,180,240,255,285,0.12,2.0,1.0,0.5,0.5
169,0.87,0.54,90,345,150,285,150,330,330,45,0.18,3.0,1.5,0.75,0.25
170,0.61,0.66,285,45,60,0,225,210,30,60,0.19,3.0,1.0,0.79,0.21
171,0.54,0.6,360,150,0,300,105,360,360,90,0.25,3.0,2.5,0.59,0.41
172,0.67,0.6,105,135,315,360,345,285,345,330,0.15,2.0,1.5,0.57,0.43
173,0.91,0.43,45,135,255,45,60,240,90,330,0.06,2.5,1.0,0.64,0.36
174,0.54,0.87,150,330,270,135,90,285,75,300,0.06,1.0,1.5,0.54,0.46
175,0.96,0.57,60,75,60,60,180,195,330,210,0.12,1.5,2.5,0.69,0.31
176,0.58,0.63,255,330,345,300,330,105,240,0,0.17,1.5,2.5,0.72,0.28
177,0.91,0.58,330,240,345,60,165,240,180,15,0.16,1.0,2.5,0.67,0.33
178,0.81,0.77,255,180,195,15,330,15,105,330,0.27,2.5,1.0,0.74,0.26
179,0.92,0.51,165,210,45,300,270,150,150,270,0.08,2.0,2.5,0.64,0.36
180,0.73,0.79,210,15,150,75,255,15,135,240,0.06,1.5,1.0,0.65,0.35
181,0.98,0.63,255,240,165,360,270,210,180,255,0.21,2.5,1.5,0.6,0.4
182,0.58,0.46,360,15,150,195,90,105,195,135,0.07,2.5,1.0,0.59,0.41
183,0.62,0.65,45,285,180,270,270,45,330,240,0.16,1.5,1.5,0.72,0.28
184,0.51,0.88,90,105,120,240,195,150,210,45,0.14,3.0,2.5,0.59,0.41
185,0.98,0.67,360,105,45,360,150,360,0,255,0.06,1.5,2.0,0.54,0.46
186,0.72,0.55,255,15,195,180,135,255,15,210,0.06,2.5,1.0,0.65,0.35
187,0.61,0.55,345,225,345,0,30,105,330,135,0.22,2.5,2.5,0.6,0.4
188,0.66,0.68,15,360,300,180,135,345,165,105,0.24,1.0,1.0,0.54,0.46
189,0.52,0.8,225,180,75,240,315,45,165,180,0.13,2.0,1.0,0.53,0.47
190,0.63,0.77,255,360,240,270,255,150,90,345,0.29,2.5,2.0,0.71,0.29
191,0.81,0.77,180,225,210,150,135,210,255,135,0.27,1.5,2.0,0.78,0.22
192,0.69,0.89,15,345,285,315,0,315,285,345,0.14,2.5,2.0,0.55,0.45
193,0.84,0.8,135,120,90,300,330,15,270,90,0.18,2.5,1.5,0.68,0.32
194,0.76,0.7,90,315,0,195,75,300,330,60,0.26,2.5,2.5,0.72,0.28
195,0.83,0.61,360,240,75,360,330,285,360,285,0.12,1.0,2.5,0.75,0.25
196,0.71,0.47,225,345,360,285,180,135,225,45,0.08,2.5,1.5,0.79,0.21
197,0.78,0.73,255,345,45,15,270,60,210,15,0.27,2.5,1.0,0.62,0.38
198,0.95,0.68,345,285,300,180,270,0,270,60,0.28,1.5,1.5,0.59,0.41
199,0.99,0.78,240,195,345,150,150,255,315,225,0.18,3.0,2.5,0.54,0.46
200,0.56,0.42,195,0,330,150,150,225,330,225,0.2,2.5,1.5,0.75,0.25
201,0.61,0.66,225,195,0,345,15,165,240,345,0.23,2.0,2.5,0.69,0.31
202,0.52,0.5,45,285,165,165,75,75,30,120,0.16,2.5,1.5,0.79,0.21
203,0.85,0.54,270,120,0,120,195,15,30,195,0.14,1.5,1.0,0.69,0.31
204,0.83,0.69,300,345,45,150,180,240,225,300,0.23,1.0,2.0,0.53,0.47
205,0.98,0.59,150,105,285,0,300,225,165,60,0.11,3.0,2.0,0.53,0.47
206,0.59,0.64,75,345,105,255,300,255,270,315,0.07,2.5,1.0,0.79,0.21
207,0.88,0.75,90,255,345,0,0,60,180,195,0.07,2.0,2.0,0.66,0.34
208,0.96,0.68,195,0,120,90,150,45,60,330,0.23,1.5,1.0,0.79,0.21
209,0.69,0.62,345,60,270,45,255,345,240,240,0.29,1.5,2.5,0.54,0.46
210,0.8,0.63,30,45,15,150,180,360,45,255,0.18,3.0,1.5,0.73,0.27
211,0.68,0.86,270,120,30,30,180,240,75,0,0.26,1.0,2.0,0.65,0.35
212,0.97,0.69,75,15,270,90,45,0,315,330,0.07,2.0,2.5,0.8,0.2
213,0.55,0.41,255,75,150,180,30,60,60,360,0.21,3.0,2.5,0.72,0.28
214,0.59,0.41,360,60,315,180,270,120,165,120,0.11,1.5,1.5,0.78,0.22
215,0.53,0.85,30,45,345,195,120,270,45,300,0.06,1.5,1.5,0.64,0.36
216,0.93,0.45,225,75,105,225,30,105,225,0,0.19,1.0,1.0,0.69,0.31
217,0.55,0.62,15,90,150,75,255,165,120,315,0.12,1.5,2.5,0.64,0.36
218,0.63,0.65,300,240,45,345,255,345,255,165,0.28,1.0,1.5,0.56,0.44
219,0.98,0.5,300,150,120,240,345,225,15,15,0.16,2.0,1.0,0.57,0.43
220,0.84,0.58,90,345,360,345,195,135,270,135,0.1,1.5,1.5,0.65,0.35
221,0.63,0.74,195,180,45,45,270,120,75,195,0.12,1.0,2.5,0.63,0.37
222,0.8,0.58,270,30,150,225,330,285,315,330,0.23,1.5,1.5,0.76,0.24
223,0.53,0.9,330,195,135,30,330,0,345,345,0.14,2.0,1.5,0.79,0.21
224,0.87,0.62,0,180,345,150,360,0,345,180,0.11,2.5,2.0,0.54,0.46
225,0.85,0.81,255,360,75,75,285,0,45,165,0.15,1.5,2.5,0.68,0.32
226,0.69,0.57,165,210,45,180,135,300,285,60,0.23,3.0,1.0,0.56,0.44
227,0.67,0.71,240,105,0,60,0,75,150,330,0.2,3.0,2.0,0.57,0.43
228,0.88,0.55,105,135,30,135,270,360,30,105,0.23,2.0,1.5,0.65,0.35
229,0.92,0.84,315,105,30,300,15,195,120,150,0.25,3.0,2.0,0.6,0.4
230,0.83,0.83,0,195,165,360,210,345,270,60,0.11,1.5,2.0,0.7,0.3
231,0.88,0.77,360,75,60,75,195,195,315,180,0.06,2.5,1.5,0.64,0.36
232,0.57,0.53,180,330,15,135,120,90,360,105,0.29,3.0,2.0,0.79,0.21
233,0.58,0.86,120,285,60,150,135,330,75,180,0.28,1.5,1.5,0.76,0.24
234,0.52,0.87,150,180,30,90,225,240,135,120,0.13,2.5,2.0,0.51,0.49
235,0.57,0.75,120,165,315,270,15,15,300,255,0.2,2.5,2.5,0.76,0.24
236,0.72,0.62,30,315,30,90,105,90,300,15,0.1,2.0,2.5,0.55,0.45
237,0.54,0.73,165,270,30,150,195,225,210,180,0.09,2.5,1.0,0.67,0.33
238,0.89,0.89,135,210,330,195,45,300,165,210,0.15,1.5,2.5,0.58,0.42
239,0.72,0.47,285,270,270,345,270,120,120,360,0.22,1.5,1.5,0.69,0.31
240,0.84,0.5,135,180,75,330,75,120,75,330,0.08,1.5,2.0,0.65,0.35
241,0.85,0.52,165,195,345,105,120,45,0,60,0.26,3.0,1.0,0.65,0.35
242,0.71,0.56,90,120,360,255,345,0,225,150,0.23,1.0,2.5,0.78,0.22
243,0.57,0.74,285,210,240,360,180,345,120,315,0.23,2.0,1.5,0.75,0.25
244,0.9,0.75,240,105,150,270,210,180,315,195,0.21,3.0,2.5,0.62,0.38
245,0.83,0.68,345,210,15,30,285,75,90,0,0.29,3.0,2.0,0.7,0.3
246,0.57,0.43,330,360,270,285,225,0,285,150,0.25,1.0,2.5,0.68,0.32
247,0.75,0.61,270,360,45,330,0,180,315,105,0.23,2.0,1.5,0.59,0.41
248,0.91,0.72,300,360,30,285,165,255,315,30,0.09,2.0,2.0,0.65,0.35
249,0.85,0.47,300,30,300,240,60,300,90,285,0.07,1.0,1.0,0.76,0.24
250,0.77,0.49,30,345,225,90,315,75,30,135,0.08,1.0,2.5,0.68,0.32
251,0.53,0.62,270,135,300,210,90,270,90,60,0.25,1.5,1.5,0.77,0.23
252,0.79,0.51,240,105,225,45,330,135,45,15,0.16,1.0,2.0,0.73,0.27
253,0.77,0.5,225,0,180,150,45,210,270,120,0.09,2.0,2.5,0.75,0.25
254,0.94,0.88,180,0,315,285,240,210,165,90,0.21,3.0,1.0,0.79,0.21
255,0.79,0.78,345,270,300,255,135,225,0,30,0.13,3.0,1.5,0.73,0.27
256,0.69,0.51,225,270,240,75,240,75,300,360,0.07,1.5,2.5,0.71,0.29
257,0.97,0.89,240,240,210,330,15,195,90,255,0.29,2.5,2.0,0.68,0.32
258,0.79,0.82,225,270,345,30,150,15,120,105,0.13,3.0,2.5,0.66,0.34
259,0.62,0.51,30,150,150,195,30,105,270,15,0.14,2.5,2.0,0.65,0.35
260,0.95,0.59,60,135,105,315,300,315,255,150,0.13,1.5,1.5,0.74,0.26
261,0.52,0.54,105,225,285,345,360,165,60,0,0.08,1.5,2.0,0.64,0.36
262,0.62,0.66,315,30,30,210,30,150,210,225,0.12,2.5,1.5,0.56,0.44
263,0.6,0.84,105,120,300,120,135,315,165,135,0.27,2.0,2.0,0.71,0.29
264,0.71,0.68,45,15,225,195,180,300,90,15,0.07,1.0,2.5,0.77,0.23
265,0.64,0.59,120,90,225,195,240,330,15,30,0.11,1.0,1.5,0.75,0.25
266,0.65,0.82,120,315,285,300,300,90,225,60,0.25,1.5,1.5,0.52,0.48
267,0.73,0.88,360,15,285,90,270,300,345,210,0.25,2.5,1.0,0.75,0.25
268,0.54,0.43,210,210,30,120,60,330,210,60,0.2,2.5,1.0,0.68,0.32
269,0.67,0.46,165,180,15,180,105,15,45,285,0.12,3.0,1.5,0.68,0.32
270,0.54,0.77,345,330,255,315,225,315,15,30,0.24,2.0,2.5,0.63,0.37
271,0.5,0.59,300,210,315,180,165,75,270,270,0.26,3.0,1.5,0.65,0.35
272,0.66,0.67,240,180,45,75,285,360,285,0,0.22,2.0,1.5,0.55,0.45
273,0.87,0.42,255,45,255,255,195,300,225,225,0.22,3.0,2.5,0.56,0.44
274,0.89,0.6,75,240,165,15,345,270,210,150,0.1,3.0,1.5,0.56,0.44
275,0.69,0.8,345,150,285,345,90,165,330,360,0.18,2.0,2.0,0.66,0.34
276,0.81,0.74,45,270,315,225,180,45,315,60,0.1,1.5,1.5,0.72,0.28
277,0.78,0.86,315,120,255,30,180,150,225,330,0.21,1.0,2.5,0.63,0.37
278,0.87,0.5,270,105,270,240,195,300,165,90,0.15,1.0,1.0,0.8,0.2
279,0.83,0.47,255,120,330,0,165,300,165,210,0.19,1.5,2.5,0.68,0.32
280,0.52,0.4,120,105,195,90,330,75,75,90,0.2,2.0,1.0,0.76,0.24
281,0.97,0.59,60,105,330,105,210,210,255,105,0.23,3.0,1.5,0.66,0.34
282,0.66,0.63,15,120,135,150,15,165,165,270,0.15,2.0,1.0,0.73,0.27
283,0.56,0.48,255,165,60,105,210,255,60,90,0.12,1.0,2.0,0.78,0.22
284,0.85,0.48,0,105,90,315,345,255,210,360,0.19,1.5,2.0,0.76,0.24
285,0.74,0.4,210,45,165,345,315,120,300,300,0.26,2.0,2.0,0.71,0.29
286,0.5,0.66,30,255,90,210,360,75,195,255,0.27,2.5,2.5,0.54,0.46
287,0.53,0.76,345,300,195,285,225,150,345,165,0.3,2.5,2.5,0.55,0.45
288,0.84,0.4,15,0,315,255,135,285,150,360,0.13,3.0,1.0,0.66,0.34
289,0.67,0.75,75,300,255,285,285,75,210,240,0.12,1.0,2.0,0.55,0.45
290,0.67,0.48,45,60,240,135,120,75,300,315,0.27,3.0,2.0,0.74,0.26
291,0.72,0.71,15,60,135,150,120,150,135,150,0.26,1.0,1.5,0.53,0.47
292,0.97,0.79,180,180,150,345,210,165,135,150,0.26,1.0,2.5,0.57,0.43
293,0.68,0.82,360,255,90,75,285,75,345,360,0.17,2.5,1.0,0.69,0.31
294,0.93,0.58,75,195,105,330,120,210,210,195,0.06,1.0,2.5,0.8,0.2
295,0.73,0.6,360,75,315,345,285,210,345,30,0.1,2.0,1.0,0.75,0.25
296,0.9,0.57,105,135,345,315,180,0,330,90,0.21,3.0,1.5,0.69,0.31
297,0.81,0.51,30,75,345,285,225,60,150,105,0.21,1.0,2.0,0.51,0.49
298,0.75,0.76,300,165,45,240,330,90,300,285,0.2,3.0,2.5,0.61,0.39
299,0.65,0.87,360,75,315,315,300,270,300,165,0.16,2.5,1.0,0.68,0.32
300,0.56,0.45,150,135,120,180,315,210,330,105,0.09,1.5,2.5,0.58,0.42
301,0.78,0.85,285,270,45,75,120,330,105,90,0.18,1.0,1.0,0.64,0.36
302,0.62,0.51,360,180,255,150,360,15,255,330,0.23,1.0,1.0,0.63,0.37
303,0.57,0.82,345,15,0,360,60,240,90,285,0.08,2.0,2.0,0.6,0.4
304,0.82,0.5,240,15,195,75,0,105,330,30,0.21,2.0,1.5,0.68,0.32
305,0.88,0.77,0,75,240,240,45,120,225,285,0.24,1.5,1.5,0.79,0.21
306,0.98,0.5,0,60,105,150,240,45,150,45,0.29,3.0,2.5,0.73,0.27
307,0.69,0.75,300,150,330,90,135,210,330,225,0.24,1.0,1.5,0.65,0.35
308,0.54,0.49,45,210,120,75,90,90,315,330,0.3,3.0,2.0,0.54,0.46
309,0.58,0.71,315,60,315,315,120,180,345,45,0.07,2.5,1.5,0.74,0.26
310,0.99,0.89,105,105,60,330,15,255,135,210,0.21,2.5,2.5,0.7,0.3
311,0.52,0.83,285,60,150,120,225,180,360,135,0.18,3.0,1.0,0.69,0.31
312,0.51,0.57,135,180,360,285,0,0,300,180,0.08,3.0,2.5,0.74,0.26
313,0.75,0.86,225,75,195,165,360,15,300,180,0.13,1.0,2.0,0.51,0.49
314,0.64,0.89,345,105,360,300,150,75,30,330,0.27,1.5,1.5,0.68,0.32
315,0.82,0.65,330,0,255,0,240,255,210,180,0.15,1.0,2.0,0.51,0.49
316,0.79,0.68,120,90,15,180,210,345,45,345,0.12,3.0,1.0,0.62,0.38
317,0.68,0.7,135,15,0,15,315,255,195,180,0.12,1.0,1.5,0.51,0.49
318,0.77,0.43,120,0,240,45,300,270,45,345,0.22,3.0,1.0,0.69,0.31
319,0.79,0.84,270,210,90,135,75,225,330,90,0.29,1.0,2.5,0.53,0.47
320,0.52,0.59,75,270,0,165,15,45,255,45,0.2,1.5,1.0,0.66,0.34
321,0.7,0.61,195,90,165,30,330,360,180,45,0.07,1.0,2.5,0.64,0.36
322,0.61,0.64,270,30,210,165,225,105,285,210,0.07,1.0,1.0,0.73,0.27
323,0.84,0.54,345,75,315,0,0,30,150,360,0.16,2.0,2.5,0.65,0.35
324,0.6,0.8,270,300,90,60,135,135,0,15,0.08,2.5,2.5,0.74,0.26
325,0.67,0.59,165,270,255,135,0,135,90,165,0.19,3.0,1.0,0.68,0.32
326,0.57,0.74,105,0,105,75,30,225,285,0,0.08,3.0,2.5,0.76,0.24
327,0.89,0.75,345,255,0,45,330,135,135,30,0.28,1.0,2.5,0.66,0.34
328,0.9,0.45,210,345,45,0,195,135,165,45,0.17,2.5,2.5,0.69,0.31
329,0.68,0.57,330,60,195,285,30,75,285,225,0.23,2.5,1.5,0.64,0.36
330,0.72,0.62,210,180,90,180,210,120,180,15,0.11,3.0,2.0,0.63,0.37
331,0.97,0.44,360,345,120,165,270,330,270,225,0.05,1.5,1.5,0.76,0.24
332,0.59,0.82,15,75,330,315,270,90,330,0,0.14,2.0,1.0,0.53,0.47
333,0.93,0.54,15,255,240,315,360,255,210,345,0.06,1.5,2.5,0.51,0.49
334,0.57,0.61,135,195,300,105,225,15,30,285,0.16,1.0,2.5,0.53,0.47
335,0.6,0.5,0,120,300,135,120,300,255,225,0.27,2.0,1.5,0.54,0.46
336,0.91,0.59,30,135,60,255,135,195,255,240,0.25,1.0,2.5,0.6,0.4
337,0.97,0.6,195,180,150,165,315,285,255,315,0.15,1.0,2.0,0.74,0.26
338,0.93,0.7,330,345,360,150,60,360,195,195,0.28,1.5,2.0,0.53,0.47
339,0.88,0.51,330,165,225,255,165,30,255,90,0.16,1.5,1.0,0.69,0.31
340,0.68,0.84,120,270,225,45,225,45,0,315,0.24,1.0,1.5,0.7,0.3
341,0.6,0.67,150,0,360,255,270,30,210,150,0.16,2.0,1.5,0.59,0.41
342,0.9,0.51,300,330,45,60,150,195,30,0,0.1,3.0,1.5,0.74,0.26
343,0.98,0.88,180,135,210,285,30,30,315,210,0.28,2.5,2.5,0.71,0.29
344,0.67,0.5,285,75,150,60,345,165,15,345,0.07,2.5,1.0,0.73,0.27
345,0.59,0.47,135,210,255,315,255,300,165,285,0.1,3.0,1.0,0.52,0.48
346,0.93,0.54,180,45,210,300,345,210,90,315,0.26,3.0,2.5,0.56,0.44
347,0.72,0.58,150,165,105,210,180,195,135,225,0.11,2.0,2.0,0.66,0.34
348,0.88,0.59,285,0,210,225,240,285,300,240,0.06,1.0,1.5,0.61,0.39
349,0.6,0.59,255,210,90,60,300,270,315,270,0.06,3.0,1.5,0.64,0.36
350,0.92,0.69,0,360,240,270,225,135,45,300,0.28,2.5,1.5,0.58,0.42
351,0.61,0.81,240,165,360,150,120,300,270,225,0.28,3.0,2.5,0.78,0.22
352,0.91,0.66,90,135,225,270,300,75,60,45,0.3,3.0,1.0,0.7,0.3
353,0.97,0.89,135,180,285,0,60,15,195,165,0.19,2.0,1.5,0.74,0.26
354,0.85,0.87,240,135,105,135,75,360,105,300,0.11,1.0,2.5,0.53,0.47
355,0.75,0.41,150,150,360,255,0,285,105,45,0.09,1.5,1.5,0.73,0.27
356,0.66,0.73,0,300,285,180,150,225,60,285,0.27,1.5,1.5,0.78,0.22
357,0.66,0.46,120,330,330,330,120,0,150,0,0.18,3.0,1.5,0.67,0.33
358,0.88,0.67,150,255,180,210,345,345,120,360,0.18,2.5,2.5,0.69,0.31
359,0.83,0.82,135,105,180,270,195,360,105,60,0.06,2.5,1.0,0.57,0.43
360,0.87,0.61,360,135,360,105,150,300,165,135,0.15,3.0,1.5,0.76,0.24
361,0.69,0.62,255,15,180,195,165,285,180,165,0.28,1.5,1.0,0.52,0.48
362,0.91,0.69,195,135,360,225,0,210,30,240,0.25,3.0,2.5,0.71,0.29
363,0.97,0.55,330,240,75,135,165,225,285,285,0.29,3.0,2.0,0.65,0.35
364,0.52,0.66,360,165,270,330,270,15,195,225,0.24,2.0,1.5,0.61,0.39
365,0.79,0.53,60,90,330,225,105,180,180,45,0.26,2.0,2.5,0.8,0.2
366,0.7,0.72,90,180,120,45,225,285,150,315,0.26,2.5,1.5,0.66,0.34
367,0.53,0.58,135,0,105,150,285,360,195,90,0.06,2.5,2.0,0.78,0.22
368,0.75,0.71,105,120,180,165,60,15,345,225,0.11,3.0,1.0,0.75,0.25
369,0.87,0.84,225,270,120,30,180,105,300,30,0.15,1.0,1.0,0.62,0.38
370,0.81,0.59,240,30,225,240,330,345,90,285,0.24,3.0,1.5,0.8,0.2
371,0.53,0.86,285,165,345,315,360,150,195,270,0.19,2.5,2.5,0.5,0.5
372,0.58,0.64,30,60,180,360,150,315,270,315,0.08,2.0,2.0,0.51,0.49
373,0.8,0.56,105,300,300,180,315,330,30,90,0.28,3.0,1.0,0.57,0.43
374,0.7,0.71,285,60,105,225,225,0,210,30,0.27,1.5,2.5,0.62,0.38
375,0.66,0.68,315,210,45,270,345,120,15,45,0.25,1.0,1.5,0.66,0.34
376,0.78,0.41,180,255,75,105,285,180,345,180,0.14,2.5,2.5,0.57,0.43
377,0.51,0.59,60,330,105,60,210,300,315,210,0.14,3.0,2.5,0.54,0.46
378,0.74,0.82,60,105,195,300,0,120,120,180,0.08,2.5,1.5,0.54,0.46
379,0.8,0.52,120,75,195,180,195,105,210,60,0.07,3.0,2.0,0.64,0.36
380,0.71,0.41,180,270,285,255,135,345,255,105,0.25,1.5,1.5,0.54,0.46
381,0.94,0.71,360,240,45,330,15,315,150,165,0.2,2.0,2.0,0.67,0.33
382,0.93,0.51,30,105,300,135,30,210,345,120,0.25,3.0,1.5,0.53,0.47
383,0.65,0.54,180,165,195,345,165,345,270,135,0.28,2.0,2.0,0.76,0.24
384,0.95,0.65,315,195,285,315,225,315,360,105,0.12,3.0,1.5,0.53,0.47
385,0.99,0.9,135,255,360,45,105,225,270,330,0.12,3.0,1.5,0.78,0.22
386,0.98,0.69,15,120,60,360,15,225,360,30,0.28,1.5,2.0,0.74,0.26
387,0.61,0.59,180,330,60,330,30,255,0,45,0.28,1.5,2.5,0.74,0.26
388,0.87,0.43,165,90,360,90,360,75,120,315,0.22,1.0,1.5,0.56,0.44
389,0.69,0.45,225,345,105,195,300,45,150,0,0.18,1.0,1.0,0.5,0.5
390,0.78,0.62,45,360,135,330,180,210,165,135,0.27,2.5,2.0,0.62,0.38
391,0.55,0.57,150,270,105,210,240,225,105,270,0.1,1.5,1.0,0.59,0.41
392,0.85,0.69,240,270,225,165,135,105,330,150,0.16,2.5,2.0,0.62,0.38
393,0.99,0.73,225,30,225,360,360,30,270,75,0.16,1.0,1.0,0.59,0.41
394,0.89,0.8,150,135,255,315,195,330,75,180,0.08,1.0,1.5,0.53,0.47
395,0.51,0.49,135,315,30,240,225,330,165,15,0.26,3.0,2.0,0.63,0.37
396,0.85,0.49,75,285,60,30,360,15,180,135,0.16,1.5,2.0,0.51,0.49
397,0.62,0.47,120,165,180,240,135,0,255,330,0.23,3.0,1.5,0.61,0.39
398,0.64,0.42,15,195,120,165,360,75,330,270,0.2,2.5,2.0,0.56,0.44
399,0.57,0.8,270,165,195,45,210,255,225,360,0.21,3.0,2.0,0.67,0.33
400,0.67,0.48,135,270,120,360,210,75,105,315,0.17,2.5,2.5,0.75,0.25
401,0.84,0.47,60,240,270,330,210,180,165,330,0.17,1.0,2.5,0.74,0.26
402,0.57,0.42,195,165,315,360,105,225,210,75,0.22,1.5,1.0,0.65,0.35
403,0.73,0.53,165,165,240,15,105,330,60,255,0.21,1.5,1.5,0.78,0.22
404,0.74,0.48,240,315,300,195,255,330,225,45,0.2,3.0,1.5,0.73,0.27
405,0.66,0.44,165,255,180,15,135,15,240,315,0.06,2.5,1.0,0.65,0.35
406,0.9,0.64,30,255,330,315,120,270,105,255,0.21,2.5,2.5,0.73,0.27
407,0.61,0.68,30,75,180,45,45,30,210,105,0.22,2.0,2.0,0.68,0.32
408,0.97,0.7,75,360,165,285,210,120,195,270,0.21,3.0,2.0,0.72,0.28
409,0.89,0.88,195,180,180,285,345,105,330,90,0.25,2.5,2.5,0.53,0.47
410,0.95,0.42,225,15,315,195,300,330,120,255,0.12,1.0,2.5,0.67,0.33
411,0.9,0.57,270,105,135,15,45,135,330,45,0.24,2.5,1.0,0.69,0.31
412,0.84,0.42,345,30,270,315,120,30,45,15,0.21,3.0,2.5,0.58,0.42
413,0.7,0.45,150,135,225,180,165,255,330,45,0.29,1.0,2.0,0.76,0.24
414,0.95,0.71,210,270,210,255,75,360,120,45,0.24,3.0,1.5,0.67,0.33
415,0.98,0.62,75,195,75,45,45,90,105,225,0.3,3.0,2.5,0.75,0.25
416,0.67,0.41,135,315,45,255,330,195,210,180,0.17,2.0,2.0,0.57,0.43
417,0.74,0.78,60,300,180,30,135,345,15,330,0.27,2.5,1.0,0.63,0.37
418,0.89,0.86,315,240,30,330,345,150,75,255,0.27,1.0,1.0,0.69,0.31
419,0.57,0.45,225,330,360,225,330,240,0,0,0.26,2.0,1.0,0.66,0.34
420,0.53,0.71,60,315,90,0,75,210,165,150,0.19,3.0,2.5,0.66,0.34
421,0.52,0.86,330,45,90,135,105,285,315,165,0.18,1.5,1.5,0.73,0.27
422,0.97,0.62,345,345,195,210,300,300,270,240,0.15,1.0,1.5,0.56,0.44
423,0.87,0.64,0,315,330,255,135,210,0,135,0.29,1.0,1.5,0.74,0.26
424,0.93,0.42,285,315,345,120,210,30,240,210,0.29,2.5,2.5,0.79,0.21
425,0.98,0.77,105,330,210,105,15,75,165,180,0.13,1.5,1.5,0.63,0.37
426,0.54,0.61,270,210,285,270,165,300,15,240,0.28,1.5,1.0,0.61,0.39
427,0.91,0.7,105,255,45,0,105,135,240,0,0.16,2.5,1.5,0.53,0.47
428,0.52,0.67,60,195,210,120,195,285,255,285,0.2,2.5,2.0,0.79,0.21
429,0.51,0.65,120,225,60,150,285,90,150,150,0.28,3.0,2.0,0.59,0.41
430,0.56,0.65,255,360,345,195,90,30,285,210,0.19,1.5,1.5,0.78,0.22
431,0.64,0.71,315,195,120,75,360,15,315,285,0.17,2.0,1.5,0.55,0.45
432,0.65,0.71,315,195,315,195,270,105,285,255,0.1,2.0,1.0,0.55,0.45
433,0.62,0.77,270,30,225,15,210,255,30,315,0.1,3.0,1.5,0.66,0.34
434,0.78,0.47,315,330,90,345,150,135,210,165,0.08,2.0,1.5,0.73,0.27
435,0.65,0.89,60,15,210,225,30,300,195,90,0.15,2.5,1.5,0.58,0.42
436,0.55,0.48,345,315,0,180,0,240,150,345,0.24,1.5,2.0,0.65,0.35
437,0.54,0.82,180,345,0,15,45,150,45,240,0.13,2.5,2.0,0.61,0.39
438,0.87,0.7,75,360,240,105,60,165,30,180,0.28,2.0,1.0,0.79,0.21
439,0.63,0.77,315,45,255,300,0,330,165,210,0.11,2.0,2.0,0.69,0.31
440,0.8,0.84,0,90,285,330,360,270,225,225,0.17,3.0,2.0,0.76,0.24
441,0.93,0.71,210,150,345,315,60,60,15,150,0.29,1.5,1.5,0.58,0.42
442,0.5,0.44,300,150,90,135,150,255,0,180,0.3,2.5,1.5,0.59,0.41
443,0.58,0.61,180,0,195,195,120,210,45,180,0.09,1.5,2.5,0.63,0.37
444,0.84,0.76,135,75,45,255,165,330,135,255,0.19,2.5,1.5,0.69,0.31
445,0.6,0.63,300,75,135,360,270,255,180,210,0.11,1.5,1.5,0.63,0.37
446,0.94,0.45,45,210,30,180,15,120,270,180,0.14,1.0,1.5,0.76,0.24
447,0.67,0.65,180,75,225,255,105,225,195,0,0.29,3.0,1.0,0.57,0.43
448,0.78,0.56,15,0,195,300,165,60,270,150,0.07,3.0,1.0,0.51,0.49
449,0.67,0.61,210,240,210,165,180,300,0,270,0.11,1.5,1.5,0.51,0.49
450,0.91,0.88,135,0,255,360,0,180,90,255,0.29,3.0,1.5,0.53,0.47
451,0.51,0.88,180,15,330,30,150,0,345,120,0.2,1.5,2.5,0.68,0.32
452,0.6,0.9,300,240,315,210,90,15,330,315,0.21,2.0,1.0,0.79,0.21
453,0.89,0.72,240,360,30,45,345,60,195,285,0.28,2.5,1.0,0.58,0.42
454,0.54,0.75,30,60,285,195,255,15,315,315,0.26,1.5,2.0,0.57,0.43
455,0.51,0.6,150,120,210,195,330,45,60,180,0.15,3.0,1.0,0.8,0.2
456,0.74,0.78,285,300,90,300,195,165,30,255,0.28,2.5,1.5,0.77,0.23
457,0.98,0.5,180,45,45,360,270,330,165,240,0.23,2.5,1.0,0.53,0.47
458,0.6,0.77,150,180,165,15,345,345,225,60,0.12,1.5,1.0,0.57,0.43
459,0.7,0.66,225,15,345,90,60,285,45,360,0.11,1.0,2.0,0.51,0.49
460,0.93,0.63,135,285,0,255,315,60,270,165,0.22,3.0,2.0,0.69,0.31
461,0.64,0.45,90,240,285,135,195,105,105,255,0.06,1.5,1.5,0.66,0.34
462,0.65,0.86,210,210,75,315,240,315,285,360,0.22,1.0,2.0,0.51,0.49
463,0.99,0.85,300,300,150,180,195,225,30,45,0.24,1.5,1.0,0.78,0.22
464,0.61,0.86,360,180,90,270,345,60,165,135,0.09,2.0,2.0,0.55,0.45
465,0.63,0.76,270,180,75,300,90,180,225,60,0.13,1.0,1.5,0.61,0.39
466,0.74,0.85,0,45,150,270,285,240,285,90,0.21,1.5,2.5,0.79,0.21
467,0.93,0.5,150,120,45,330,180,345,165,165,0.05,1.0,2.5,0.73,0.27
468,0.61,0.68,45,210,315,285,270,30,345,330,0.19,3.0,1.0,0.63,0.37
469,0.88,0.66,165,30,45,195,165,75,240,60,0.27,2.5,2.0,0.53,0.47
470,0.51,0.77,30,285,135,30,30,0,165,315,0.27,1.5,2.5,0.51,0.49
471,0.56,0.56,300,360,90,120,345,195,240,120,0.19,3.0,1.0,0.52,0.48
472,0.86,0.67,210,90,0,180,135,180,225,15,0.06,3.0,2.5,0.67,0.33
473,0.92,0.66,360,150,345,255,240,315,285,255,0.24,1.0,2.0,0.65,0.35
474,0.94,0.64,135,75,330,120,105,0,240,315,0.23,2.0,1.5,0.58,0.42
475,0.56,0.5,135,105,165,360,180,15,270,180,0.21,2.5,1.5,0.53,0.47
476,0.93,0.85,45,0,330,120,75,180,90,285,0.1,3.0,2.5,0.6,0.4
477,0.71,0.79,345,105,30,165,330,210,45,0,0.15,1.0,1.5,0.63,0.37
478,1.0,0.67,75,225,0,75,180,105,315,270,0.13,1.0,2.0,0.53,0.47
479,0.86,0.52,240,225,225,195,255,300,360,300,0.24,1.0,1.0,0.75,0.25
480,0.7,0.55,360,300,225,225,330,270,300,315,0.23,2.5,1.5,0.51,0.49
481,0.87,0.57,135,120,210,225,30,330,300,210,0.06,1.5,2.5,0.75,0.25
482,0.81,0.42,180,60,270,150,300,120,45,60,0.08,1.0,1.5,0.53,0.47
483,0.9,0.81,150,210,210,210,315,225,60,120,0.13,3.0,2.5,0.59,0.41
484,0.87,0.42,60,195,180,285,180,105,210,225,0.09,1.5,1.5,0.76,0.24
485,0.63,0.4,240,300,360,180,0,225,285,330,0.13,1.0,2.5,0.7,0.3
486,0.83,0.43,255,225,30,360,210,45,360,345,0.19,2.0,2.5,0.78,0.22
487,0.74,0.53,15,240,120,285,0,30,345,180,0.18,1.0,2.0,0.6,0.4
488,0.92,0.49,120,75,150,15,300,330,345,30,0.15,3.0,1.5,0.68,0.32
489,0.55,0.64,330,270,180,345,285,360,300,30,0.11,2.5,1.5,0.68,0.32
490,0.63,0.51,270,15,255,15,60,240,315,210,0.21,2.0,1.0,0.73,0.27
491,0.77,0.57,330,165,255,0,120,135,75,180,0.26,2.5,2.5,0.62,0.38
492,0.76,0.61,180,120,285,30,315,45,225,165,0.08,2.5,1.0,0.6,0.4
493,0.74,0.68,270,195,195,315,30,300,210,165,0.28,1.5,2.5,0.68,0.32
494,0.61,0.6,45,180,195,120,15,300,210,165,0.17,2.0,2.0,0.64,0.36
495,0.96,0.82,255,15,120,210,345,270,150,210,0.15,1.5,2.0,0.75,0.25
496,0.74,0.8,180,180,165,300,135,345,165,360,0.08,3.0,1.0,0.62,0.38
497,0.97,0.79,240,270,225,120,285,300,165,120,0.25,3.0,1.5,0.71,0.29
498,0.57,0.59,150,240,120,330,195,90,0,45,0.07,1.0,1.5,0.72,0.28
499,0.78,0.61,255,285,165,60,120,105,90,0,0.26,2.5,2.5,0.78,0.22
500,0.83,0.52,240,240,315,150,135,315,75,90,0.22,3.0,1.0,0.78,0.22
501,0.91,0.88,90,165,270,15,0,165,120,255,0.21,2.0,2.0,0.52,0.48
502,0.99,0.83,15,135,240,75,75,105,225,300,0.13,1.0,2.5,0.51,0.49
503,0.81,0.56,300,285,195,0,30,135,315,270,0.3,2.5,1.0,0.68,0.32
504,0.81,0.61,315,105,150,285,195,315,165,225,0.27,3.0,1.0,0.69,0.31
505,0.83,0.79,135,285,210,345,225,180,135,75,0.3,1.5,2.0,0.7,0.3
506,0.83,0.61,105,195,255,225,105,105,45,150,0.29,1.0,2.0,0.58,0.42
507,0.6,0.8,90,90,30,0,315,225,120,60,0.23,2.0,2.5,0.78,0.22
508,0.75,0.61,60,300,255,0,135,45,45,150,0.12,1.0,2.5,0.72,0.28
509,0.94,0.77,180,15,135,195,30,120,315,75,0.25,2.5,2.5,0.71,0.29
510,0.74,0.62,255,270,255,225,120,60,270,120,0.09,2.5,2.5,0.59,0.41
511,0.94,0.7,255,255,90,330,135,360,45,360,0.22,1.0,1.5,0.73,0.27
512,0.51,0.55,15,45,210,15,15,105,225,180,0.2,2.0,1.0,0.7,0.3
513,0.77,0.71,360,225,300,270,120,315,165,240,0.3,1.5,1.5,0.71,0.29
514,0.9,0.55,285,330,150,285,180,105,270,90,0.17,2.0,2.5,0.65,0.35
515,0.78,0.47,120,210,75,195,240,120,165,315,0.2,2.5,2.5,0.64,0.36
516,0.64,0.44,30,105,60,75,195,315,300,45,0.26,2.0,2.5,0.78,0.22
517,0.53,0.5,210,15,120,30,330,240,75,300,0.22,3.0,2.5,0.75,0.25
518,0.72,0.64,150,210,300,0,90,105,285,225,0.19,1.5,1.0,0.58,0.42
519,0.73,0.42,15,210,30,225,180,225,270,270,0.14,1.5,2.5,0.79,0.21
520,0.97,0.61,165,225,150,195,105,90,105,180,0.2,3.0,1.0,0.69,0.31
521,0.75,0.45,255,105,315,75,330,285,195,120,0.15,1.5,1.5,0.55,0.45
522,0.75,0.84,255,210,135,300,75,270,300,45,0.1,1.0,2.5,0.69,0.31
523,0.65,0.41,240,285,255,30,300,330,285,255,0.13,2.5,1.0,0.64,0.36
524,0.61,0.65,15,315,0,210,60,285,360,345,0.07,1.0,1.5,0.68,0.32
525,0.89,0.88,240,315,165,120,300,300,195,240,0.18,3.0,2.5,0.5,0.5
526,0.89,0.82,90,210,45,120,330,105,30,165,0.08,2.0,2.5,0.78,0.22
527,0.88,0.89,255,45,0,105,240,240,270,45,0.08,2.0,2.0,0.75,0.25
528,0.71,0.44,45,0,30,195,165,75,255,15,0.18,2.5,2.5,0.6,0.4
529,0.78,0.67,90,45,225,120,90,255,345,15,0.14,1.0,2.0,0.77,0.23
530,0.53,0.44,255,330,45,75,60,240,135,270,0.05,1.5,2.5,0.54,0.46
531,0.68,0.55,180,45,300,225,330,0,195,210,0.13,2.5,2.5,0.5,0.5
532,0.89,0.86,165,0,315,60,0,75,30,255,0.23,1.5,2.5,0.57,0.43
533,0.83,0.8,75,345,270,30,255,0,360,75,0.2,2.0,1.0,0.52,0.48
534,0.52,0.6,255,120,255,135,195,300,360,285,0.2,2.5,2.5,0.78,0.22
535,0.53,0.67,45,300,15,240,0,315,90,180,0.25,2.0,2.5,0.62,0.38
536,0.87,0.85,120,0,345,255,345,240,345,315,0.27,2.5,1.0,0.53,0.47
537,0.63,0.83,225,165,225,105,15,255,15,255,0.1,2.0,1.5,0.75,0.25
538,0.87,0.53,180,30,75,120,360,345,105,360,0.22,2.0,2.5,0.51,0.49
539,0.57,0.8,30,135,330,330,255,165,210,135,0.18,1.5,2.0,0.51,0.49
540,0.56,0.63,60,240,165,180,315,195,180,60,0.28,3.0,2.0,0.77,0.23
541,0.71,0.89,180,285,150,120,330,120,135,90,0.08,2.5,2.0,0.77,0.23
542,0.81,0.61,15,0,195,45,75,270,300,330,0.22,2.0,1.5,0.75,0.25
543,0.86,0.44,15,30,180,105,120,240,360,315,0.22,3.0,2.5,0.52,0.48
544,0.9,0.87,30,120,300,45,210,345,150,15,0.22,1.0,1.0,0.55,0.45
545,0.6,0.49,135,240,285,195,150,330,60,165,0.11,1.5,1.0,0.58,0.42
546,0.51,0.69,360,210,180,135,15,0,285,255,0.06,3.0,1.0,0.53,0.47
547,0.59,0.41,180,30,30,315,135,240,285,0,0.09,2.5,1.0,0.71,0.29
548,0.52,0.88,345,360,30,105,135,360,240,105,0.19,1.5,2.0,0.51,0.49
549,0.58,0.4,165,240,270,180,135,240,270,285,0.07,2.5,1.5,0.74,0.26
550,0.86,0.8,15,360,60,15,210,315,90,285,0.08,1.0,1.5,0.77,0.23
551,0.72,0.72,345,285,180,30,150,210,75,120,0.12,1.0,2.0,0.51,0.49
552,0.79,0.68,255,270,210,105,240,90,270,255,0.29,1.5,2.0,0.58,0.42
553,0.92,0.73,285,285,180,150,210,75,135,195,0.08,3.0,2.5,0.71,0.29
554,0.54,0.81,15,75,60,105,285,240,120,165,0.26,3.0,2.5,0.72,0.28
555,0.62,0.49,330,345,225,180,300,240,240,345,0.06,2.5,1.5,0.79,0.21
556,0.75,0.87,210,45,75,270,165,165,315,225,0.26,1.0,2.0,0.53,0.47
557,0.64,0.7,180,330,165,270,210,75,270,15,0.26,1.5,1.5,0.59,0.41
558,0.62,0.42,285,285,300,150,300,0,150,180,0.28,1.5,2.0,0.78,0.22
559,0.57,0.83,120,105,60,270,60,225,195,240,0.24,3.0,2.5,0.61,0.39
560,0.7,0.86,105,90,195,150,30,90,285,60,0.2,1.0,1.5,0.59,0.41
561,0.62,0.53,285,15,360,0,135,90,165,195,0.15,1.5,1.0,0.65,0.35
562,0.89,0.83,105,45,0,270,255,210,15,45,0.27,1.0,1.0,0.55,0.45
563,0.85,0.62,345,195,210,360,300,120,270,345,0.26,2.5,2.0,0.58,0.42
564,0.64,0.74,285,105,195,270,270,255,285,255,0.15,2.0,2.5,0.69,0.31
565,0.97,0.57,360,300,300,285,150,345,120,180,0.23,1.0,1.5,0.63,0.37
566,0.58,0.83,210,105,330,150,360,330,120,195,0.22,3.0,2.5,0.72,0.28
567,0.79,0.61,285,45,180,15,90,315,0,120,0.24,2.0,2.5,0.53,0.47
568,0.73,0.61,135,45,225,315,30,285,345,0,0.24,2.0,1.5,0.67,0.33
569,0.98,0.64,60,15,180,75,360,45,105,270,0.06,1.0,1.0,0.73,0.27
570,0.96,0.79,255,315,30,45,30,270,180,15,0.19,2.5,1.0,0.69,0.31
571,0.89,0.67,180,0,330,15,75,210,15,30,0.07,2.5,1.5,0.72,0.28
572,0.74,0.78,255,255,270,120,90,255,360,345,0.15,2.0,1.5,0.56,0.44
573,0.78,0.85,300,255,180,45,330,195,90,315,0.11,2.0,2.5,0.52,0.48
574,0.53,0.83,120,0,150,285,330,60,45,135,0.08,2.0,2.5,0.5,0.5
575,0.98,0.52,255,330,45,255,270,255,105,90,0.06,2.5,1.0,0.7,0.3
576,0.72,0.78,345,30,330,105,300,15,180,330,0.08,2.5,2.5,0.73,0.27
577,0.69,0.74,315,15,345,255,315,150,195,210,0.12,1.5,2.0,0.72,0.28
578,0.72,0.44,120,195,135,105,45,285,360,135,0.22,3.0,2.0,0.59,0.41
579,0.75,0.75,285,210,240,135,225,330,300,165,0.08,3.0,2.0,0.65,0.35
580,0.71,0.42,180,345,45,165,165,45,345,195,0.07,3.0,1.5,0.52,0.48
581,0.99,0.46,180,0,330,180,240,240,180,180,0.09,3.0,1.5,0.78,0.22
582,0.86,0.63,360,240,0,345,315,345,180,195,0.18,1.0,2.5,0.78,0.22
583,0.73,0.52,330,300,180,15,30,45,240,210,0.11,1.5,2.5,0.65,0.35
584,0.68,0.81,360,15,225,105,360,15,135,60,0.06,2.5,2.0,0.68,0.32
585,0.88,0.58,225,255,45,0,240,285,60,180,0.08,2.0,1.0,0.66,0.34
586,0.8,0.67,15,0,240,120,255,255,30,270,0.08,1.5,2.5,0.75,0.25
587,0.6,0.69,60,60,210,210,150,285,210,315,0.1,1.0,2.5,0.63,0.37
588,0.68,0.6,360,210,75,165,330,315,210,225,0.1,1.5,2.5,0.63,0.37
589,0.98,0.9,195,105,60,210,240,165,270,345,0.17,1.0,1.5,0.69,0.31
590,0.63,0.54,210,360,165,240,90,225,285,75,0.19,1.5,1.0,0.51,0.49
591,0.57,0.8,75,240,345,315,330,285,60,285,0.07,3.0,2.5,0.66,0.34
592,0.7,0.69,300,195,45,60,285,300,240,45,0.28,2.0,1.5,0.52,0.48
593,0.56,0.61,345,60,75,195,60,345,0,255,0.21,3.0,1.5,0.67,0.33
594,0.99,0.49,315,0,345,45,360,315,270,45,0.18,1.5,2.0,0.57,0.43
595,0.53,0.69,90,120,285,165,135,0,30,270,0.06,2.5,1.5,0.61,0.39
596,0.81,0.87,165,105,300,90,30,195,285,195,0.08,1.5,2.0,0.76,0.24
597,0.71,0.5,165,240,285,180,0,255,255,90,0.18,1.5,2.0,0.78,0.22
598,0.8,0.41,60,210,150,300,240,225,195,30,0.07,2.5,1.5,0.61,0.39
599,0.84,0.85,0,255,225,285,315,15,195,60,0.12,1.5,1.0,0.71,0.29
600,0.72,0.8,345,45,30,285,165,210,345,255,0.15,3.0,1.0,0.79,0.21
601,0.79,0.49,180,225,315,150,225,225,0,15,0.18,1.0,1.5,0.52,0.48
602,0.74,0.42,120,285,330,60,135,225,150,255,0.19,1.5,1.5,0.65,0.35
603,0.91,0.59,60,150,15,210,60,90,225,330,0.17,1.0,1.0,0.54,0.46
604,0.7,0.77,330,360,270,225,45,105,225,165,0.18,2.5,1.0,0.52,0.48
605,0.6,0.87,15,150,330,360,135,315,240,345,0.1,1.5,1.0,0.56,0.44
606,0.55,0.64,75,285,240,45,195,330,105,0,0.28,1.5,2.0,0.74,0.26
607,0.83,0.89,330,285,120,195,60,360,210,165,0.15,2.5,2.5,0.8,0.2
608,0.98,0.8,180,225,165,135,225,300,360,135,0.09,1.0,2.5,0.6,0.4
609,0.73,0.5,285,315,45,90,15,30,255,105,0.2,1.5,1.0,0.71,0.29
610,0.72,0.52,150,0,75,30,345,360,165,300,0.15,1.0,2.0,0.53,0.47
611,0.55,0.59,360,0,345,30,0,285,330,45,0.26,2.0,2.0,0.58,0.42
612,0.57,0.8,45,225,90,60,195,165,180,330,0.11,2.5,1.0,0.79,0.21
613,0.86,0.5,240,345,360,105,210,360,30,30,0.16,2.5,2.5,0.68,0.32
614,0.8,0.44,45,345,285,330,15,90,225,315,0.19,2.0,1.0,0.62,0.38
615,0.93,0.41,300,60,345,225,300,90,225,105,0.18,2.5,1.0,0.56,0.44
616,0.63,0.82,150,30,150,300,15,45,105,75,0.27,2.0,1.5,0.53,0.47
617,0.7,0.89,165,240,180,240,45,90,360,45,0.05,2.5,2.5,0.74,0.26
618,0.76,0.6,120,330,15,225,240,75,180,345,0.18,1.0,2.5,0.75,0.25
619,0.75,0.74,360,75,135,30,45,270,360,315,0.25,1.5,1.0,0.67,0.33
620,0.61,0.61,165,255,285,165,360,210,255,300,0.29,2.5,2.5,0.52,0.48
621,0.65,0.44,15,255,195,270,105,60,315,225,0.29,3.0,2.0,0.58,0.42
622,0.75,0.71,45,30,300,0,240,135,195,75,0.25,2.0,2.0,0.59,0.41
623,0.85,0.57,210,60,270,300,150,240,240,15,0.2,2.0,2.5,0.7,0.3
624,0.56,0.44,360,120,135,105,0,210,0,0,0.16,2.0,1.0,0.55,0.45
625,0.75,0.86,270,45,75,195,60,315,270,225,0.27,1.0,2.0,0.59,0.41
626,0.86,0.61,135,165,105,165,330,90,240,345,0.09,2.5,1.5,0.75,0.25
627,0.63,0.46,285,0,225,330,360,360,240,105,0.13,1.5,2.5,0.77,0.23
628,0.63,0.59,270,60,90,285,285,75,135,255,0.25,1.5,2.0,0.78,0.22
629,0.72,0.75,210,210,195,195,225,210,165,105,0.3,2.5,2.0,0.52,0.48
630,0.92,0.72,210,0,315,300,180,195,360,210,0.12,2.0,1.0,0.71,0.29
631,0.63,0.43,135,135,180,225,195,15,210,360,0.15,1.5,1.5,0.68,0.32
632,0.97,0.62,150,60,240,360,210,360,330,60,0.16,1.5,1.0,0.68,0.32
633,0.54,0.74,270,90,105,255,105,45,285,270,0.19,2.5,2.0,0.79,0.21
634,0.66,0.56,195,315,180,360,180,225,105,285,0.28,2.5,2.5,0.79,0.21
635,0.97,0.58,90,195,195,150,120,195,210,90,0.27,2.5,2.5,0.57,0.43
636,0.92,0.48,255,0,285,360,285,285,195,180,0.13,1.5,2.0,0.59,0.41
637,0.63,0.82,300,360,60,105,45,240,135,210,0.26,3.0,1.0,0.53,0.47
638,0.73,0.75,240,345,15,150,150,255,90,45,0.14,1.5,2.0,0.53,0.47
639,0.84,0.57,60,45,300,45,30,360,45,315,0.3,1.5,2.5,0.68,0.32
640,0.92,0.67,285,285,330,345,15,330,225,15,0.06,3.0,1.0,0.77,0.23
641,0.68,0.51,345,135,90,345,255,345,240,225,0.18,1.0,1.5,0.74,0.26
642,0.94,0.58,75,150,90,30,0,15,135,285,0.26,1.5,1.0,0.73,0.27
643,0.86,0.68,165,255,240,180,105,150,210,135,0.07,3.0,2.0,0.72,0.28
644,0.95,0.84,15,60,45,195,180,150,210,300,0.29,2.0,1.0,0.55,0.45
645,0.9,0.42,330,240,150,300,195,165,315,300,0.17,3.0,2.5,0.74,0.26
646,0.66,0.61,180,285,345,270,30,195,270,45,0.22,1.0,2.5,0.53,0.47
647,0.95,0.77,240,15,285,150,300,255,60,165,0.2,3.0,2.0,0.75,0.25
648,0.79,0.8,210,285,210,270,75,75,15,300,0.05,2.0,1.0,0.61,0.39
649,0.85,0.57,30,120,225,120,135,240,315,285,0.1,1.0,1.0,0.65,0.35
650,0.8,0.64,15,45,330,165,240,0,255,150,0.1,1.5,2.0,0.68,0.32
651,0.87,0.82,150,75,300,105,315,330,225,165,0.12,2.5,2.5,0.6,0.4
652,0.58,0.5,75,0,285,90,195,360,45,315,0.16,3.0,2.5,0.73,0.27
653,0.52,0.65,195,210,90,285,105,225,345,255,0.12,3.0,2.5,0.54,0.46
654,0.75,0.48,345,75,195,300,195,60,315,45,0.06,2.5,1.0,0.62,0.38
655,0.52,0.79,105,150,270,210,105,330,120,60,0.24,1.5,1.0,0.79,0.21
656,0.73,0.67,120,75,330,300,105,135,270,60,0.06,3.0,1.5,0.63,0.37
657,0.86,0.5,360,360,150,300,90,0,330,240,0.21,2.0,1.5,0.51,0.49
658,0.6,0.63,90,165,120,0,45,180,255,210,0.27,2.5,1.5,0.64,0.36
659,0.68,0.51,105,315,270,210,45,315,255,120,0.18,1.5,2.5,0.75,0.25
660,0.8,0.51,15,30,240,225,270,165,45,285,0.14,2.5,1.0,0.79,0.21
661,0.92,0.51,300,240,300,165,270,105,15,75,0.19,1.5,2.0,0.65,0.35
662,0.87,0.5,150,315,15,240,120,240,30,315,0.14,3.0,2.0,0.64,0.36
663,0.55,0.69,285,30,60,150,270,120,255,90,0.07,2.5,1.5,0.64,0.36
664,0.92,0.69,0,210,45,135,0,240,315,345,0.11,3.0,2.5,0.6,0.4
665,0.6,0.43,195,180,135,270,90,300,300,345,0.17,2.5,1.0,0.56,0.44
666,0.87,0.76,225,15,165,285,60,210,315,60,0.26,2.0,2.5,0.78,0.22
667,0.81,0.79,135,135,225,225,345,120,300,45,0.25,3.0,1.0,0.68,0.32
668,0.58,0.59,105,285,255,75,45,30,15,270,0.14,2.5,2.5,0.63,0.37
669,0.53,0.57,360,195,285,240,315,45,165,90,0.27,2.0,1.5,0.77,0.23
670,0.55,0.48,180,210,135,210,345,210,30,135,0.19,2.0,2.0,0.77,0.23
671,0.69,0.89,30,270,30,150,15,195,150,300,0.2,2.5,2.5,0.8,0.2
672,0.86,0.65,345,165,330,285,150,285,135,0,0.24,3.0,2.5,0.6,0.4
673,0.73,0.81,195,180,255,90,270,120,180,120,0.09,1.0,1.5,0.51,0.49
674,0.63,0.51,300,210,360,150,195,135,270,240,0.09,1.0,1.5,0.7,0.3
675,0.94,0.41,30,240,30,0,165,360,150,75,0.09,3.0,2.0,0.77,0.23
676,0.97,0.85,90,150,165,0,150,285,270,30,0.06,1.5,1.5,0.52,0.48
677,0.97,0.72,165,285,30,120,255,270,45,30,0.22,2.5,1.5,0.78,0.22
678,0.8,0.42,75,345,180,300,75,60,0,300,0.05,2.5,2.5,0.63,0.37
679,0.83,0.76,60,330,75,75,165,60,45,45,0.28,1.0,2.5,0.73,0.27
680,0.85,0.81,180,75,15,285,195,225,60,30,0.2,2.5,2.5,0.62,0.38
681,0.61,0.51,180,15,90,60,135,165,195,195,0.2,1.0,1.0,0.73,0.27
682,0.97,0.43,255,15,360,180,45,90,75,255,0.2,2.5,1.5,0.64,0.36
683,0.7,0.53,90,300,195,345,210,255,225,195,0.19,2.5,1.0,0.62,0.38
684,0.56,0.65,270,255,90,45,15,330,90,105,0.07,2.5,2.0,0.59,0.41
685,0.93,0.82,195,45,30,15,360,0,30,105,0.22,2.5,1.5,0.66,0.34
686,0.72,0.68,135,300,180,165,60,255,240,15,0.12,2.0,1.5,0.69,0.31
687,0.77,0.63,45,300,60,30,15,120,75,60,0.15,1.0,2.5,0.61,0.39
688,0.65,0.51,225,120,45,240,285,105,210,300,0.08,2.5,2.0,0.52,0.48
689,0.74,0.42,315,315,135,120,285,135,315,90,0.13,2.0,2.5,0.64,0.36
690,0.52,0.78,150,0,75,165,120,360,345,120,0.18,2.5,1.0,0.63,0.37
691,0.78,0.77,270,315,120,195,360,195,0,30,0.2,2.0,1.0,0.52,0.48
692,0.99,0.67,270,150,0,240,135,270,315,300,0.17,2.0,2.5,0.74,0.26
693,0.6,0.45,195,0,0,165,15,240,180,180,0.2,2.5,2.0,0.74,0.26
694,0.99,0.6,45,0,105,120,60,255,75,330,0.2,1.0,2.0,0.52,0.48
695,0.7,0.58,180,0,270,360,90,300,240,165,0.15,1.0,2.5,0.72,0.28
696,0.85,0.69,75,285,360,330,270,165,330,210,0.11,1.5,2.5,0.58,0.42
697,0.69,0.46,180,165,315,0,315,180,150,285,0.09,3.0,2.5,0.57,0.43
698,0.72,0.51,315,345,15,300,195,15,75,90,0.16,3.0,2.5,0.62,0.38
699,1.0,0.61,120,60,225,90,30,300,15,75,0.14,1.5,1.0,0.77,0.23
700,0.94,0.78,285,45,180,345,135,255,105,300,0.13,1.5,2.5,0.62,0.38
701,0.88,0.77,120,105,15,255,210,210,0,165,0.08,1.0,2.5,0.64,0.36
702,0.99,0.5,300,180,255,105,135,225,345,255,0.07,2.0,1.5,0.56,0.44
703,0.9,0.74,105,60,105,135,90,45,240,0,0.24,1.0,2.0,0.64,0.36
704,0.52,0.8,345,30,315,195,15,240,15,105,0.12,2.0,1.0,0.51,0.49
705,0.78,0.43,45,195,30,30,255,330,165,30,0.28,3.0,1.0,0.63,0.37
706,0.73,0.75,135,45,300,105,300,360,225,240,0.2,1.5,2.0,0.77,0.23
707,0.76,0.7,255,90,165,345,225,0,0,330,0.16,2.0,2.5,0.59,0.41
708,0.94,0.45,195,270,150,300,15,105,15,45,0.1,1.0,1.5,0.56,0.44
709,0.66,0.83,90,15,90,300,165,105,270,45,0.3,2.0,1.0,0.7,0.3
710,0.98,0.41,300,45,300,360,15,45,135,45,0.17,2.5,1.5,0.67,0.33
711,0.9,0.62,210,30,195,90,45,135,195,120,0.05,2.0,1.0,0.65,0.35
712,0.77,0.45,45,15,360,45,120,0,135,150,0.06,2.0,2.0,0.54,0.46
713,0.88,0.8,75,360,15,315,30,45,30,150,0.07,2.5,2.0,0.72,0.28
714,0.51,0.86,330,135,330,60,180,345,30,165,0.27,1.0,2.0,0.72,0.28
715,0.61,0.49,90,135,300,75,15,210,120,180,0.22,2.5,2.5,0.6,0.4
716,0.55,0.68,360,30,0,210,105,60,195,30,0.08,1.5,1.5,0.68,0.32
717,0.64,0.41,45,270,345,75,60,15,45,180,0.08,2.5,2.5,0.55,0.45
718,0.93,0.47,90,345,45,75,180,255,45,105,0.09,2.5,1.5,0.5,0.5
719,0.83,0.69,345,270,360,150,120,105,45,165,0.21,1.0,1.5,0.69,0.31
720,0.74,0.58,285,165,255,195,120,90,345,60,0.23,2.0,2.5,0.79,0.21
721,0.73,0.78,75,45,90,210,180,30,240,135,0.21,2.5,1.0,0.64,0.36
722,0.93,0.77,90,90,315,240,210,285,30,120,0.09,2.5,2.5,0.67,0.33
723,0.95,0.43,90,105,180,90,0,60,330,120,0.14,2.5,2.5,0.56,0.44
724,0.98,0.85,165,135,120,105,165,285,270,225,0.2,2.0,2.0,0.61,0.39
725,0.84,0.56,120,75,270,165,45,315,30,285,0.07,2.0,2.5,0.57,0.43
726,0.97,0.58,120,330,180,180,360,15,45,255,0.24,1.0,1.0,0.6,0.4
727,0.64,0.57,90,15,180,15,180,0,315,30,0.11,1.5,2.5,0.74,0.26
728,0.95,0.89,195,300,30,15,90,345,345,285,0.18,1.0,2.5,0.73,0.27
729,0.91,0.82,300,270,15,30,300,150,330,45,0.28,2.0,1.0,0.78,0.22
730,0.73,0.86,180,330,180,195,300,195,90,90,0.17,2.0,1.0,0.65,0.35
731,0.65,0.43,225,270,120,90,75,135,360,300,0.18,1.5,2.5,0.61,0.39
732,0.77,0.68,90,285,345,45,150,0,180,315,0.09,2.5,2.0,0.68,0.32
733,0.53,0.59,285,315,180,180,210,60,240,345,0.19,3.0,2.5,0.57,0.43
734,0.74,0.56,120,135,300,45,270,285,345,150,0.29,2.5,1.5,0.52,0.48
735,1.0,0.45,135,30,15,360,345,255,105,195,0.29,2.5,1.0,0.79,0.21
736,0.99,0.68,270,90,120,300,300,210,195,345,0.15,2.0,2.0,0.79,0.21
737,0.99,0.61,15,150,195,330,195,285,105,45,0.14,3.0,1.5,0.52,0.48
738,0.9,0.45,315,270,330,0,285,360,75,45,0.21,2.5,2.5,0.73,0.27
739,0.68,0.81,90,330,285,45,15,210,225,15,0.26,3.0,2.5,0.77,0.23
740,0.71,0.46,180,285,120,165,315,195,30,225,0.13,1.5,2.5,0.52,0.48
741,0.62,0.5,195,240,60,90,195,360,15,165,0.23,2.5,1.0,0.55,0.45
742,0.64,0.52,240,345,360,180,150,0,180,120,0.22,2.5,1.5,0.74,0.26
743,0.96,0.84,300,315,105,0,45,240,345,165,0.09,1.0,1.0,0.74,0.26
744,0.72,0.52,165,225,60,300,315,120,240,360,0.28,2.0,2.5,0.54,0.46
745,0.96,0.85,270,270,345,120,180,360,30,105,0.21,2.5,2.0,0.68,0.32
746,0.51,0.65,135,360,105,285,330,210,30,15,0.23,2.5,2.5,0.62,0.38
747,0.89,0.45,270,75,15,45,270,150,105,240,0.21,2.0,1.5,0.75,0.25
748,0.97,0.58,330,120,345,195,150,240,90,345,0.09,2.5,1.0,0.61,0.39
749,0.69,0.48,330,360,270,30,150,135,135,45,0.18,3.0,1.5,0.59,0.41
750,0.72,0.47,330,315,300,105,75,240,15,15,0.21,2.0,2.5,0.57,0.43
751,0.59,0.5,225,150,90,285,330,330,75,195,0.14,2.5,1.0,0.68,0.32
752,0.8,0.63,135,60,15,225,0,360,135,30,0.15,1.5,1.5,0.52,0.48
753,0.95,0.42,60,255,330,15,30,105,270,300,0.07,2.0,2.5,0.79,0.21
754,0.71,0.58,165,45,135,105,255,225,345,135,0.16,1.5,2.0,0.5,0.5
755,0.77,0.53,150,330,285,15,30,0,255,105,0.29,2.0,2.5,0.61,0.39
756,0.84,0.56,0,45,150,165,45,60,255,30,0.16,2.0,1.0,0.74,0.26
757,0.91,0.62,0,210,285,240,30,30,30,300,0.16,2.0,2.5,0.65,0.35
758,0.96,0.68,135,30,90,300,30,75,45,150,0.07,2.5,2.5,0.66,0.34
759,0.64,0.71,225,360,60,30,225,270,180,15,0.3,3.0,1.5,0.57,0.43
760,0.97,0.48,60,360,195,135,135,240,105,180,0.25,2.5,2.0,0.64,0.36
761,0.61,0.79,240,270,75,345,330,195,45,210,0.17,2.5,1.0,0.61,0.39
762,0.96,0.54,270,240,315,60,195,150,225,285,0.26,1.5,1.0,0.75,0.25
763,0.91,0.84,255,315,330,30,225,285,135,45,0.13,2.0,2.5,0.55,0.45
764,0.56,0.81,165,135,30,315,240,165,195,210,0.22,2.0,2.0,0.79,0.21
765,0.62,0.66,210,255,195,15,210,165,150,30,0.13,2.5,2.5,0.56,0.44
766,0.93,0.71,30,360,285,30,135,0,195,105,0.07,2.0,1.0,0.7,0.3
767,0.87,0.82,360,135,240,315,120,285,270,105,0.05,3.0,2.5,0.63,0.37
768,0.89,0.76,135,255,135,255,135,345,135,150,0.2,1.0,2.5,0.61,0.39
769,0.65,0.44,270,315,210,345,60,150,345,285,0.11,2.5,1.5,0.7,0.3
770,0.84,0.77,180,360,270,255,90,210,45,135,0.3,2.5,1.5,0.51,0.49
771,0.75,0.53,60,240,165,210,270,285,75,270,0.06,1.5,1.5,0.76,0.24
772,0.96,0.88,90,105,300,30,345,180,90,330,0.11,1.0,1.5,0.77,0.23
773,0.97,0.87,225,90,0,300,0,270,360,165,0.27,3.0,1.0,0.74,0.26
774,0.9,0.81,270,255,0,180,300,135,345,105,0.17,2.0,2.5,0.63,0.37
775,0.96,0.74,225,165,90,15,45,105,345,345,0.09,2.0,2.0,0.51,0.49
776,0.73,0.49,210,135,345,330,195,210,150,120,0.07,2.5,1.5,0.52,0.48
777,0.77,0.54,105,150,165,0,30,180,300,135,0.27,1.0,1.5,0.5,0.5
778,0.89,0.9,45,330,165,75,270,330,225,60,0.27,2.0,1.5,0.58,0.42
779,0.64,0.88,225,90,150,255,105,60,45,15,0.17,1.0,1.0,0.79,0.21
780,0.64,0.86,285,165,195,210,90,75,75,195,0.15,1.0,1.0,0.71,0.29
781,0.99,0.49,315,225,105,60,135,210,240,30,0.21,3.0,2.5,0.54,0.46
782,0.57,0.85,240,240,210,75,285,225,120,165,0.08,2.5,1.5,0.58,0.42
783,0.79,0.75,240,45,300,300,285,270,45,75,0.06,2.5,2.5,0.56,0.44
784,0.99,0.49,270,240,30,240,315,120,60,90,0.24,2.0,2.0,0.55,0.45
785,0.66,0.81,210,0,120,75,75,195,330,135,0.15,2.5,1.0,0.63,0.37
786,0.52,0.66,330,105,30,225,210,45,45,285,0.08,1.0,2.0,0.78,0.22
787,0.67,0.55,0,195,90,0,15,120,240,120,0.06,2.0,2.0,0.8,0.2
788,0.92,0.81,120,90,315,0,60,0,195,15,0.3,3.0,2.5,0.53,0.47
789,0.9,0.58,75,300,165,45,180,165,315,30,0.29,2.5,2.5,0.63,0.37
790,0.84,0.47,150,135,150,0,150,0,300,180,0.2,2.5,1.0,0.66,0.34
791,0.73,0.55,30,285,225,210,120,270,195,300,0.09,1.5,2.5,0.79,0.21
792,0.56,0.77,75,75,285,270,165,180,345,45,0.28,1.0,1.0,0.6,0.4
793,0.69,0.61,180,135,0,165,165,30,0,225,0.23,2.0,1.0,0.56,0.44
794,0.65,0.46,75,360,90,195,45,285,255,315,0.1,1.0,1.0,0.67,0.33
795,0.65,0.81,30,300,195,285,165,60,315,105,0.15,1.5,1.0,0.8,0.2
796,0.89,0.51,135,360,120,165,225,210,285,360,0.26,1.0,2.0,0.74,0.26
797,0.72,0.48,90,150,195,45,240,120,150,330,0.28,1.5,2.0,0.62,0.38
798,0.88,0.61,195,60,75,255,270,240,360,120,0.23,1.5,2.0,0.63,0.37
799,0.68,0.42,0,30,315,165,0,360,255,30,0.13,3.0,1.5,0.66,0.34
800,0.6,0.68,150,345,270,210,120,90,330,345,0.06,1.0,2.5,0.69,0.31
801,0.99,0.41,300,75,105,60,150,225,0,330,0.18,2.5,2.5,0.78,0.22
802,0.87,0.5,285,285,135,180,180,360,150,0,0.24,1.0,1.5,0.73,0.27
803,0.92,0.87,120,0,30,300,105,225,270,135,0.08,1.5,2.5,0.72,0.28
804,0.92,0.47,315,330,90,285,30,0,255,165,0.19,1.5,2.0,0.7,0.3
805,0.85,0.49,45,255,135,45,255,135,315,105,0.27,2.5,2.0,0.58,0.42
806,0.62,0.89,360,15,75,15,15,0,210,210,0.22,2.0,2.5,0.73,0.27
807,0.6,0.55,75,135,135,315,225,345,75,60,0.24,2.0,1.5,0.57,0.43
808,0.66,0.42,150,135,300,270,210,285,30,225,0.29,1.5,2.0,0.75,0.25
809,0.98,0.88,120,105,120,30,0,135,165,90,0.2,2.5,1.5,0.76,0.24
810,0.84,0.8,255,285,165,195,15,255,180,120,0.17,1.0,1.5,0.56,0.44
811,0.81,0.47,30,135,60,225,15,90,195,285,0.09,1.0,2.5,0.73,0.27
812,0.98,0.78,300,225,60,105,150,195,195,45,0.2,3.0,2.5,0.77,0.23
813,0.81,0.62,45,15,285,315,105,60,15,195,0.25,1.5,2.0,0.78,0.22
814,0.64,0.9,120,315,120,225,210,60,345,300,0.24,2.0,2.5,0.63,0.37
815,0.57,0.79,45,150,195,195,255,210,210,15,0.18,3.0,2.5,0.77,0.23
816,0.95,0.54,0,195,345,45,150,165,45,30,0.27,2.0,2.0,0.69,0.31
817,0.69,0.53,15,180,360,15,285,30,30,45,0.1,2.5,2.0,0.66,0.34
818,0.58,0.59,150,45,15,285,165,285,150,240,0.15,1.5,2.5,0.69,0.31
819,0.95,0.74,330,345,255,345,165,240,345,135,0.13,2.5,2.5,0.55,0.45
820,0.54,0.5,60,45,210,195,210,240,90,300,0.25,3.0,2.5,0.67,0.33
821,0.94,0.79,330,105,105,210,330,60,240,15,0.06,1.5,1.5,0.7,0.3
822,0.75,0.85,225,330,180,120,120,225,225,135,0.15,1.5,2.5,0.65,0.35
823,0.78,0.59,300,315,75,225,300,60,90,165,0.3,3.0,1.5,0.7,0.3
824,0.9,0.71,90,135,150,210,90,75,45,180,0.17,2.5,1.0,0.51,0.49
825,0.82,0.43,240,60,270,90,345,75,120,150,0.22,3.0,1.0,0.62,0.38
826,0.68,0.41,105,75,60,45,180,60,135,330,0.08,2.0,2.0,0.51,0.49
827,0.57,0.89,90,345,165,60,330,315,135,255,0.13,2.5,2.5,0.76,0.24
828,0.7,0.85,330,270,315,300,255,150,0,15,0.23,2.5,1.0,0.51,0.49
829,0.8,0.63,270,330,255,330,270,240,120,285,0.24,2.5,2.0,0.56,0.44
830,0.53,0.62,270,300,105,75,120,165,270,30,0.12,3.0,1.0,0.71,0.29
831,0.95,0.83,270,120,0,360,0,240,360,255,0.21,3.0,2.5,0.73,0.27
832,0.7,0.68,150,135,300,195,90,150,90,90,0.1,2.5,2.0,0.79,0.21
833,0.98,0.65,60,45,345,0,315,180,315,195,0.23,1.5,2.5,0.71,0.29
834,0.77,0.54,225,165,285,150,60,135,120,180,0.15,2.0,2.0,0.68,0.32
835,0.6,0.62,120,75,105,330,285,285,150,360,0.15,1.5,2.5,0.64,0.36
836,0.95,0.59,210,60,150,165,300,15,15,0,0.23,3.0,1.0,0.57,0.43
837,0.68,0.76,225,75,315,330,75,195,330,285,0.17,1.5,1.5,0.76,0.24
838,0.75,0.64,165,315,195,345,120,135,285,75,0.29,1.5,1.5,0.51,0.49
839,0.99,0.79,60,75,60,285,330,60,180,345,0.11,3.0,1.0,0.71,0.29
840,0.65,0.44,60,360,30,255,135,0,30,330,0.23,1.5,2.5,0.71,0.29
841,0.68,0.48,315,75,150,225,150,180,195,255,0.17,2.5,2.0,0.53,0.47
842,0.69,0.83,210,165,90,15,195,120,330,255,0.3,1.5,1.5,0.73,0.27
843,0.95,0.54,225,135,285,0,15,330,105,255,0.26,1.0,1.0,0.58,0.42
844,0.62,0.57,315,45,210,90,300,360,30,315,0.06,1.0,1.0,0.72,0.28
845,0.74,0.74,285,150,120,330,135,300,90,180,0.2,1.5,1.0,0.78,0.22
846,0.76,0.78,240,150,0,15,30,165,285,135,0.13,3.0,2.5,0.75,0.25
847,0.99,0.59,105,165,285,345,120,135,210,285,0.23,1.5,1.5,0.76,0.24
848,0.71,0.48,345,165,15,165,210,210,315,210,0.23,2.0,1.5,0.69,0.31
849,0.93,0.47,270,135,240,165,360,270,315,225,0.21,1.0,2.5,0.74,0.26
850,0.55,0.67,195,315,360,75,135,120,165,300,0.19,3.0,1.5,0.59,0.41
851,0.84,0.68,195,210,285,285,60,300,300,30,0.12,2.5,2.5,0.77,0.23
852,0.9,0.64,60,135,150,45,120,60,90,15,0.24,2.0,1.5,0.52,0.48
853,0.88,0.78,120,225,345,45,0,120,315,180,0.29,1.5,2.5,0.61,0.39
854,0.7,0.87,45,15,150,270,120,105,45,270,0.09,2.5,1.5,0.78,0.22
855,0.5,0.49,210,195,165,300,180,210,360,105,0.12,2.5,1.5,0.5,0.5
856,0.82,0.48,30,330,300,330,75,105,315,120,0.27,2.5,2.5,0.8,0.2
857,0.93,0.77,255,270,120,285,0,105,285,30,0.14,3.0,1.5,0.69,0.31
858,0.83,0.8,285,210,45,180,330,105,150,75,0.28,2.0,1.0,0.78,0.22
859,0.59,0.79,105,180,180,105,330,330,105,315,0.14,2.0,2.0,0.54,0.46
860,0.52,0.81,180,150,165,345,225,330,285,255,0.21,1.0,1.5,0.56,0.44
861,0.97,0.59,180,60,180,225,225,255,225,300,0.21,3.0,2.0,0.74,0.26
862,0.64,0.74,30,105,210,105,255,75,210,270,0.08,1.5,1.0,0.52,0.48
863,0.51,0.45,315,345,45,345,150,360,105,180,0.07,3.0,1.0,0.54,0.46
864,0.78,0.83,330,180,120,195,285,255,30,45,0.24,3.0,2.0,0.75,0.25
865,0.85,0.52,285,15,30,135,150,210,330,90,0.21,1.0,1.0,0.52,0.48
866,0.99,0.79,255,15,120,225,45,240,210,240,0.19,3.0,2.0,0.54,0.46
867,0.92,0.66,345,180,30,105,255,360,300,150,0.23,2.5,2.0,0.77,0.23
868,0.7,0.56,45,315,300,300,255,225,180,165,0.25,1.0,2.0,0.71,0.29
869,0.88,0.46,120,0,315,255,60,345,105,15,0.28,2.0,2.5,0.5,0.5
870,0.57,0.5,165,225,120,75,360,255,225,15,0.08,1.0,1.0,0.76,0.24
871,0.7,0.69,105,195,135,345,180,0,345,135,0.23,2.0,2.5,0.76,0.24
872,0.73,0.52,165,270,75,345,15,30,240,150,0.15,2.5,2.0,0.67,0.33
873,0.82,0.67,300,240,240,210,195,195,315,60,0.21,2.5,2.5,0.73,0.27
874,0.63,0.86,120,270,270,240,15,195,45,240,0.13,1.0,1.5,0.7,0.3
875,0.66,0.55,135,90,180,360,45,30,45,300,0.22,3.0,2.0,0.53,0.47
876,0.54,0.78,30,210,225,285,105,15,15,105,0.27,3.0,1.0,0.61,0.39
877,0.66,0.69,330,195,315,45,90,360,105,285,0.07,1.5,1.5,0.6,0.4
878,0.96,0.75,0,90,135,225,270,15,30,345,0.12,1.5,1.5,0.78,0.22
879,0.74,0.42,195,60,270,120,165,285,255,210,0.22,1.0,1.5,0.58,0.42
880,0.88,0.68,225,285,105,15,150,210,165,120,0.16,3.0,1.5,0.74,0.26
881,0.96,0.52,75,75,90,330,195,315,255,120,0.08,1.0,2.0,0.75,0.25
882,0.59,0.63,315,120,360,165,210,165,90,45,0.05,1.5,1.0,0.53,0.47
883,0.64,0.63,210,300,315,45,165,240,45,315,0.06,1.0,1.0,0.62,0.38
884,0.74,0.68,300,45,285,90,0,195,315,345,0.11,2.5,1.0,0.61,0.39
885,0.81,0.51,135,0,75,240,15,285,195,315,0.18,1.0,2.0,0.77,0.23
886,0.9,0.78,135,270,225,285,240,345,0,45,0.05,2.0,2.0,0.62,0.38
887,0.58,0.67,30,120,195,90,75,75,210,75,0.28,3.0,2.5,0.71,0.29
888,0.58,0.69,360,60,300,315,255,330,315,360,0.18,1.0,1.0,0.61,0.39
889,0.55,0.47,90,270,285,195,270,285,255,90,0.17,2.5,2.5,0.51,0.49
890,0.68,0.51,285,270,225,180,135,0,270,30,0.25,1.0,1.5,0.68,0.32
891,0.88,0.67,60,240,15,240,90,345,255,165,0.24,2.0,1.5,0.79,0.21
892,0.72,0.6,30,345,195,150,285,315,285,90,0.12,1.5,2.5,0.69,0.31
893,0.75,0.87,180,300,90,180,150,270,360,90,0.24,2.5,2.0,0.7,0.3
894,0.65,0.87,285,30,105,180,165,15,15,360,0.28,1.0,2.5,0.75,0.25
895,0.84,0.6,300,180,60,135,210,165,195,105,0.28,3.0,1.0,0.7,0.3
896,0.59,0.48,0,195,150,240,15,105,255,255,0.24,1.5,1.5,0.66,0.34
897,0.55,0.6,15,180,300,90,105,345,120,180,0.15,2.0,2.5,0.53,0.47
898,0.7,0.45,75,15,75,315,105,180,45,285,0.19,2.0,1.0,0.72,0.28
899,0.52,0.56,60,135,240,210,105,15,165,225,0.12,2.5,1.0,0.77,0.23
900,0.84,0.88,45,135,240,315,300,285,195,285,0.3,1.0,1.5,0.59,0.41
901,0.78,0.48,150,150,60,165,180,0,150,210,0.24,1.0,2.0,0.77,0.23
902,0.95,0.74,240,15,0,330,210,30,360,45,0.23,2.5,2.5,0.52,0.48
903,0.74,0.72,270,225,225,345,105,240,75,150,0.13,2.0,2.5,0.79,0.21
904,0.75,0.58,315,225,30,240,180,240,255,120,0.18,2.5,1.5,0.74,0.26
905,0.68,0.49,255,30,0,300,0,150,315,165,0.18,3.0,2.0,0.67,0.33
906,0.97,0.86,225,270,270,360,345,105,105,300,0.08,2.5,1.5,0.76,0.24
907,0.95,0.41,270,315,0,15,0,105,45,225,0.27,2.5,1.5,0.7,0.3
908,0.65,0.87,105,180,150,285,150,45,270,225,0.07,2.5,2.0,0.72,0.28
909,0.53,0.72,105,45,75,225,120,210,45,225,0.24,2.5,2.5,0.68,0.32
910,0.79,0.49,300,315,285,75,105,30,345,0,0.08,2.0,1.5,0.57,0.43
911,0.81,0.72,285,195,225,345,90,270,120,120,0.29,1.5,2.0,0.61,0.39
912,0.83,0.56,45,330,15,330,195,330,90,210,0.24,1.5,2.5,0.69,0.31
913,0.8,0.74,255,345,225,345,0,90,150,270,0.28,3.0,1.0,0.69,0.31
914,0.8,0.42,75,180,105,300,240,75,255,90,0.3,1.0,2.5,0.52,0.48
915,0.81,0.5,255,105,120,210,315,60,345,45,0.1,2.0,2.0,0.69,0.31
916,0.77,0.43,150,75,330,165,60,45,360,225,0.1,1.0,2.5,0.7,0.3
917,0.82,0.69,195,330,315,210,330,300,0,315,0.14,2.5,2.0,0.56,0.44
918,0.8,0.53,180,255,150,240,210,315,285,240,0.25,1.5,1.5,0.56,0.44
919,0.84,0.75,180,315,330,75,15,105,135,285,0.15,2.5,2.0,0.63,0.37
920,0.86,0.41,105,225,255,285,345,345,165,225,0.24,3.0,1.5,0.56,0.44
921,0.96,0.64,225,315,285,255,285,225,270,105,0.23,2.5,2.5,0.5,0.5
922,0.91,0.66,120,360,240,90,225,60,240,330,0.1,1.0,1.5,0.64,0.36
923,0.73,0.62,225,75,300,0,150,255,255,315,0.17,1.0,2.0,0.76,0.24
924,0.59,0.55,315,345,315,60,45,255,240,195,0.29,2.5,1.0,0.8,0.2
925,0.75,0.62,315,270,75,240,75,240,60,315,0.19,1.0,1.5,0.68,0.32
926,0.72,0.6,60,180,195,105,135,255,195,120,0.27,1.5,2.5,0.73,0.27
927,0.6,0.78,180,225,360,240,255,360,30,315,0.15,1.5,2.0,0.63,0.37
928,0.65,0.69,0,345,0,255,210,150,90,210,0.09,3.0,1.0,0.62,0.38
929,0.7,0.59,285,75,360,165,105,75,105,15,0.09,2.5,1.5,0.66,0.34
930,0.81,0.57,180,150,225,195,210,270,255,285,0.17,1.5,1.0,0.78,0.22
931,0.74,0.44,300,45,150,105,270,210,30,30,0.28,3.0,1.5,0.74,0.26
932,0.97,0.89,0,210,225,45,210,90,135,225,0.27,2.5,2.0,0.59,0.41
933,0.7,0.55,285,255,345,345,105,360,75,285,0.29,1.5,1.0,0.69,0.31
934,0.68,0.71,90,180,30,120,105,195,285,345,0.07,1.0,1.5,0.58,0.42
935,0.62,0.52,120,15,345,345,150,105,60,120,0.19,3.0,1.5,0.51,0.49
936,0.81,0.44,30,195,180,285,105,240,135,210,0.25,2.0,1.5,0.58,0.42
937,0.63,0.48,15,270,195,255,345,15,135,90,0.23,1.5,1.5,0.68,0.32
938,0.54,0.78,135,135,225,45,165,285,360,255,0.25,2.5,1.0,0.6,0.4
939,0.65,0.67,315,330,210,90,105,225,210,360,0.23,2.5,1.5,0.75,0.25
940,0.77,0.43,120,255,360,210,135,360,135,0,0.21,3.0,1.5,0.58,0.42
941,0.63,0.72,75,360,60,195,270,120,135,285,0.17,3.0,2.0,0.69,0.31
942,0.67,0.72,225,300,60,120,120,105,180,0,0.27,3.0,1.0,0.62,0.38
943,0.72,0.66,345,195,150,345,270,135,75,30,0.1,2.5,1.5,0.63,0.37
944,0.78,0.66,270,270,315,45,30,45,165,180,0.28,1.5,1.5,0.8,0.2
945,0.89,0.61,135,270,75,255,15,345,165,120,0.26,1.0,1.5,0.75,0.25
946,0.97,0.6,0,270,345,330,15,300,345,360,0.1,2.5,1.5,0.72,0.28
947,0.69,0.58,195,30,300,60,330,345,135,345,0.07,2.5,1.0,0.58,0.42
948,0.7,0.56,150,30,15,75,15,15,105,120,0.06,2.5,2.5,0.53,0.47
949,0.99,0.6,240,165,300,315,285,60,60,195,0.12,2.5,2.5,0.53,0.47
950,0.81,0.64,135,15,165,90,150,300,255,150,0.19,3.0,1.5,0.71,0.29
951,0.97,0.45,150,270,225,270,120,30,105,195,0.16,2.5,1.5,0.7,0.3
952,0.87,0.41,345,285,225,105,285,150,30,30,0.26,1.0,2.0,0.61,0.39
953,0.79,0.63,150,165,195,345,60,240,255,240,0.19,2.5,2.0,0.61,0.39
954,0.77,0.89,300,225,90,75,90,150,75,165,0.07,2.0,2.0,0.51,0.49
955,0.95,0.8,90,255,255,45,60,330,0,240,0.22,1.5,2.5,0.71,0.29
956,0.57,0.45,150,210,210,180,300,120,75,285,0.22,3.0,2.5,0.52,0.48
957,0.79,0.61,285,30,345,270,210,0,45,345,0.25,3.0,1.5,0.69,0.31
958,0.85,0.59,180,15,210,75,195,30,90,345,0.06,3.0,2.0,0.66,0.34
959,0.78,0.42,270,225,165,255,240,165,180,45,0.18,1.0,2.0,0.77,0.23
960,0.53,0.41,45,330,180,0,300,90,210,225,0.22,1.5,2.0,0.74,0.26
961,0.91,0.85,90,90,30,150,210,30,195,210,0.19,2.0,1.0,0.7,0.3
962,0.67,0.86,30,210,60,30,30,285,225,300,0.18,1.5,2.5,0.65,0.35
963,0.51,0.64,285,45,315,225,300,270,120,0,0.16,2.5,2.0,0.68,0.32
964,0.79,0.6,0,345,255,15,15,195,240,90,0.24,3.0,1.5,0.79,0.21
965,0.94,0.87,90,150,180,45,345,315,75,135,0.14,2.0,2.5,0.7,0.3
966,0.83,0.57,195,60,0,180,150,270,195,195,0.17,2.5,2.5,0.79,0.21
967,0.68,0.79,210,330,90,240,210,210,195,90,0.14,2.0,2.0,0.75,0.25
968,0.73,0.47,360,105,360,300,360,45,195,150,0.17,3.0,2.5,0.64,0.36
969,0.72,0.77,315,225,330,60,345,90,285,75,0.24,1.0,1.5,0.51,0.49
970,0.57,0.78,285,30,345,360,105,120,285,345,0.27,1.5,2.0,0.77,0.23
971,0.9,0.57,60,255,15,45,210,285,120,60,0.16,1.0,1.0,0.62,0.38
972,0.66,0.55,330,210,15,45,330,315,300,30,0.23,2.0,2.0,0.73,0.27
973,0.7,0.69,165,120,315,315,285,315,135,240,0.06,1.0,1.0,0.6,0.4
974,0.88,0.68,165,120,120,60,330,225,0,345,0.07,1.0,1.5,0.78,0.22
975,0.71,0.49,135,270,120,210,240,60,45,90,0.2,2.0,1.5,0.79,0.21
976,0.51,0.5,180,45,75,30,240,225,120,240,0.26,3.0,1.0,0.67,0.33
977,0.56,0.77,225,60,315,270,165,105,255,90,0.24,2.0,2.0,0.72,0.28
978,0.73,0.85,105,15,210,330,90,75,135,60,0.12,2.0,1.0,0.76,0.24
979,0.94,0.88,195,195,165,225,120,180,225,270,0.06,2.5,2.5,0.67,0.33
980,0.57,0.89,240,180,255,90,225,225,300,45,0.05,2.5,1.0,0.64,0.36
981,0.83,0.49,255,45,180,315,195,330,210,240,0.08,3.0,2.5,0.78,0.22
982,0.59,0.57,360,210,15,180,345,210,90,225,0.23,3.0,1.0,0.77,0.23
983,0.97,0.63,315,330,285,210,345,120,285,345,0.14,1.0,2.5,0.76,0.24
984,0.52,0.61,180,360,270,60,150,90,300,105,0.25,1.0,2.0,0.64,0.36
985,0.8,0.68,75,90,330,360,255,360,285,120,0.22,1.5,2.5,0.61,0.39
986,0.94,0.63,285,360,75,75,315,45,45,270,0.13,1.5,2.0,0.53,0.47
987,0.59,0.43,105,270,135,300,270,210,195,315,0.11,3.0,1.5,0.62,0.38
988,0.75,0.6,315,90,255,195,180,210,315,330,0.26,1.0,1.0,0.54,0.46
989,0.79,0.66,285,330,195,30,360,45,225,330,0.23,2.5,2.5,0.67,0.33
990,0.55,0.63,75,225,300,90,75,165,270,60,0.15,2.0,2.0,0.61,0.39
991,0.82,0.8,225,90,90,210,120,270,210,345,0.28,2.5,1.0,0.62,0.38
992,0.59,0.47,315,30,255,45,225,120,255,165,0.22,2.5,2.0,0.67,0.33
993,0.73,0.54,120,105,210,285,195,240,105,15,0.26,2.0,1.5,0.72,0.28
994,0.71,0.65,255,180,105,165,60,240,30,0,0.1,3.0,2.5,0.7,0.3
995,0.83,0.49,135,30,75,135,120,45,285,60,0.21,2.5,1.5,0.57,0.43
996,0.97,0.82,180,60,75,0,15,330,150,30,0.19,1.5,2.5,0.69,0.31
997,0.92,0.79,345,105,210,180,315,240,270,60,0.3,1.5,1.5,0.65,0.35
998,0.97,0.62,315,210,90,255,30,330,345,270,0.07,2.0,2.5,0.54,0.46
999,0.74,0.44,165,120,315,255,360,270,225,300,0.1,1.0,2.5,0.79,0.21
1000,0.55,0.44,165,45,30,300,225,30,225,240,0.06,2.0,1.5,0.52,0.48
